&Sons,China Square Central,20 Cross St #01-19,6221 3937,Food & Restaurants,
-417,Waterway Point,East Wing  #01-K17,6255 5516,Hair & Beauty,
10 10 Mother & Child Essentials,Waterway Point,West Wing  #02-28,6385 7921,Children's Wear  Toys & Maternity,
18 Karaats,The Centrepoint,#01-K2,6836 9430,Jewellery & Watches,
2it & Drink,Valley Point,#01-01,6737 3001,Food & Restaurants,
2XU,Changi City Point,#02-26,6604 8824,Sports & Leisure,
365 Fruit Juice & Smoothies,The Centrepoint,#B1-K5,N.A,Food & Restaurants,
49 Seats,The Centrepoint,#01-49/50/51/52,6225 4332,Food & Restaurants,
4FINGERS Crispy Chicken,Causeway Point,#01-38/39,6760 2084,Food & Restaurants,
4FINGERS Crispy Chicken,Northpoint City,North Wing  #01-15,6481 8194,Food & Restaurants,
5 Senses,Bedok Point,#02-30/31,6241 0676,Food & Restaurants,
7-Eleven,Anchorpoint,#01-34,6471 5309,Services,
7-Eleven,Causeway Point,#01-K09,6891 4295,Services,
7-Eleven,Changi City Point,#01-15,6636 1990,Services,
85 Redhill Teochew Fishball Noodles,Eastpoint Mall,#B1-16,N.A,Food & Restaurants,
85 Redhill Teochew Fishball Noodles,Valley Point,#01-07,N.A,Food & Restaurants,
8Treasures,Causeway Point,#03-K05,6893 3788,Furniture  Furnishings and Household,
A Tilly A Day,Waterway Point,West Wing  #02-03,N.A,Gifts,
A&J Creative Danceworld,China Square Central,18 Cross St,6538 2727,Schools & Offices,
A-One Claypot House,Causeway Point,#03-31,6219 5117,Food & Restaurants,
A-One Claypot House,Northpoint City,North Wing,N.A,Food & Restaurants,
A.LAB,Changi City Point,#01-55,6784 1318,Electrical  Electronic  Camera & Telecommunication,
A.Track Apparels,YewTee Point,#B1-52,6468 3758,Fashion Wear & Accessories,
Acanthus Collection,The Centrepoint,#04-12,6337 0113,Furniture  Furnishings and Household,
Ace Ventuna Toys Collection,China Square Central,18 Cross St #02-14,N.A,Toys & Collectibles,
Adam Khoo Learning Centre,Valley Point,#01-10,6734 9431,Schools & Offices,
Adeline Face & Body,YewTee Point,#01-13,6465 8885,Hair & Beauty,
Adidas,Causeway Point,#02-04,6893 0349,Sports & Leisure,
Adidas Outlet,Changi City Point,#01-04/05,6636 1057,Sports & Leisure,
Aegle TCM Wellness Clinique,Robertson Walk,#02-12,6779 4266,Pharmacy & Healthcare,
Ahava,The Centrepoint,#03-12,6732 7655,Hair & Beauty,
AIBI,Causeway Point,#B1-35,6894 5655,Sports & Leisure,
Ajisen Ramen,Causeway Point,#B1-18,6893 8212,Food & Restaurants,
Ajisen Ramen,Changi City Point,#01-35/36,6636 1600,Food & Restaurants,
Akemi Uchi,Causeway Point,#04-25/26,6894 2188,Furniture  Furnishings and Household,
Al Ameen Exchange,Anchorpoint,#B1-12,6474 5152,Bank & Money Changer,
ALDO,Changi City Point,#01-34,6538 2526,Fashion Wear & Accessories,
Alkaf Foreign Exchange,Causeway Point,#B1-K29 &amp; #03-06,6894 3542 <br> 6894 2412,Bank & Money Changer,
All Watches / Aptimos,Waterway Point,East Wing  #01-53,6385 7960,Jewellery & Watches,
Allscript,Waterway Point,East Wing  #B2-33,6385 8944,Books & Stationery,
Alodd,The Centrepoint,#02-50,6734 7551,Leather Goods  Bags & Shoes,
AMB Aquatic Hub,The Centrepoint,#B2-02,6835 7584,Services,
Amber Nectar,Robertson Walk,#01-10/11,6737 3774,Food & Restaurants,
Americaya,The Centrepoint,#02-23,6734 4513,Leather Goods  Bags & Shoes,
Andersen's Of Denmark,Waterway Point,East Wing  #01-42,6386 0690,Food & Restaurants,
Anew Me,The Centrepoint,#03-27/27A,6262 0990,Hair & Beauty,
Angelique Boutique,The Centrepoint,#02-40/41,6738 4077,Fashion Wear & Accessories,
Anytime Fitness,Valley Point,#02-02/03,6737 0121,Sports & Leisure,
Apgujeong Hair Studio,Waterway Point,East Wing  #01-40,6385 8957,Hair & Beauty,
Art Studio & Gallery,Eastpoint Mall,#02-28,6538 9916,Arts & Crafts,
Artbox,Causeway Point,#03-22/23,6996 4235,Gifts,
Asics Factory Outlet,Changi City Point,#02-20,6538 2382,Sports & Leisure,
AsterSpring Origin of Beauty,The Centrepoint,#05-09/11,6732 0090,Hair & Beauty,
Astons Steak & Salad,The Centrepoint,#03-28/28A,6235 0556,Food & Restaurants,
Asus,Causeway Point,#03-11,6376 9314,Electrical  Electronic  Camera & Telecommunication,
Aureus Academy,Eastpoint Mall,#04-06,62356488,Schools & Offices,
Avant-Grade Money Changer,YewTee Point,#B1-51,6533 6214,Bank & Money Changer,
Avone Beauty Secrets,Eastpoint Mall,#03-12,6636 0890,Hair & Beauty,
Avone Beauty Secrets ‰Û¡ÌÝÌÕ Beauty Brows Hair Nails Spa,Waterway Point,East Wing  #01-39,6385 2822,Hair & Beauty,
Awfully Chocolate,Changi City Point,#B1-07,6443 0836,Food & Restaurants,
Axclusive Living,The Centrepoint,#04-07,N.A,Furniture  Furnishings and Household,
Ayam Penyet President,Northpoint City,North Wing  #B1-54,6257 2991,Food & Restaurants,
Babyshop,Waterway Point,West Wing  #02-K1,N.A,Children's Wear  Toys & Maternity,
BabySPA,Changi City Point,#02-08/09,6636 4076,Services,
Bagus,Causeway Point,#07-03,6894 0919,Food & Restaurants,
Bagzx,Changi City Point,#02-K5,6702 0071,Leather Goods  Bags & Shoes,
Baleno,Eastpoint Mall,#01-18,N.A,Fashion Wear & Accessories,
Bali Thai,Causeway Point,#05-05,6894 1363,Food & Restaurants,
Bali Thai,Waterway Point,West Wing  #B1-13,6385 3630,Food & Restaurants,
Ban Heng Teochew Porridge,Northpoint City,North Wing,Not Available.,Food & Restaurants,
Banana Story,Causeway Point,#02-K07,N.A,Gifts,
Bank Of China,Causeway Point,#B1-12,1800 669 5566,Bank & Money Changer,
Bank of China,Waterway Point,West Wing  #01-16,1800 669 5566,Bank & Money Changer,
Barbers Tokyo By Devonshire,Robertson Walk,#01-26,6235 2638,Hair & Beauty,
Bata,Causeway Point,#02-16,6513 4377,Leather Goods  Bags & Shoes,
Bata,Changi City Point,#01-16,6513 0497,Leather Goods  Bags & Shoes,
Bata,Eastpoint Mall,#02-26,6555 1372,Leather Goods  Bags & Shoes,
Bata,Northpoint City,North Wing,6513 4362,Leather Goods  Bags & Shoes,
Bata,The Centrepoint,#02-18/19,6235 1824,Leather Goods  Bags & Shoes,
Bata,Waterway Point,East Wing  #01-46/47,6386 0691,Leather Goods  Bags & Shoes,
BBounce Studio,The Centrepoint,#06-09/10,6262 2272,Sports & Leisure,
BeautÌÎå© Hub,Eastpoint Mall,#03-16,6443 1515,Hair & Beauty,
BeautÌÎå© Nails,Eastpoint Mall,#03-20/21,6636 1515,Hair & Beauty,
Beauty in The Pot,The Centrepoint,#05-15/16,6235 3557,Food & Restaurants,
Beauty Language,Eastpoint Mall,#04-15,6784 1208,Hair & Beauty,
Beauty Language,Northpoint City,North Wing  #B1-33,6755 7122,Hair & Beauty,
Beauty Language,YewTee Point,#01-31,6762 5363,Hair & Beauty,
Bedroom Affairs,Waterway Point,West Wing  #B1-09A,Not Available.,Furniture  Furnishings and Household,
Bee Cheng Hiang,Causeway Point,#B1-40,6893 9388,Food & Restaurants,
Bee Cheng Hiang,Waterway Point,West Wing  #B2-K5/K6,6385 1605,Food & Restaurants,
Beijing 101 Hair Consultants,Causeway Point,#05-02A,6558 8101,Hair & Beauty,
Beijing Language School,Waterway Point,West Wing  #02-01,6315 8406,Schools & Offices,
Bengawan Solo,Anchorpoint,#B1-45,6471 8783,Food & Restaurants,
Bengawan Solo,Causeway Point,#B1-27,6767 1090,Food & Restaurants,
Bengawan Solo,Northpoint City,North Wing  #B1-19,N.A,Food & Restaurants,
Best Denki,Waterway Point,East Wing  #B1-24,6456 3922,Electrical  Electronic  Camera & Telecommunication,
Better Vision,Causeway Point,#02-17,6893 9936,Optical,
Better Vision,Northpoint City,North Wing  #02-33,6754 1358,Optical,
Better Vision,Waterway Point,West Wing  #B1-02,6384 9177,Optical,
Bezel  The Watch Collectors' Guild,Robertson Walk,#01-33,6738 1221,Jewellery & Watches,
Big & Beautiful,Bedok Point,#02-26,6441 2400,Fashion Wear & Accessories,
Billabong Outlet,Anchorpoint,#B1-14/15,6476 0129,Fashion Wear & Accessories,
Bing Bing Ice Cream Gallery,Valley Point,#01-24,6334 0414,Food & Restaurants,
Birkenstock,The Centrepoint,#03-01A,6836 4528,Leather Goods  Bags & Shoes,
Black Hammer,Causeway Point,#02-07,6766 0058,Leather Goods  Bags & Shoes,
Black Hammer,Eastpoint Mall,#02-34,6789 1622,Leather Goods  Bags & Shoes,
Black Pearl,Waterway Point,West Wing  #01-K11,6255 5516,Hair & Beauty,
BlackBall,Waterway Point,East Wing  #B1-K6,N.A,Food & Restaurants,
Blackoutz,Northpoint City,North Wing  #03-07,6758 8402,Fashion Wear & Accessories,
bods.bodynits,Changi City Point,#01-47,6444 0298,Fashion Wear & Accessories,
Boom Steak,The Centrepoint,#B1-K1,N.A,Food & Restaurants,
Boon Lay Power Nasi Lemak,Causeway Point,#B1-K15,N.A,Food & Restaurants,
Boon Lay Power Nasi Lemak,YewTee Point,#B1-38,6314 4118,Food & Restaurants,
Boost Juice,Northpoint City,North Wing  #01-02,N.A,Food & Restaurants,
Bossini,Causeway Point,#01-20,6893 3061,Fashion Wear & Accessories,
Bossini,Changi City Point,#01-29,6636 1465,Fashion Wear & Accessories,
Bottega Verde,Causeway Point,#01-23A,6891 2183,Hair & Beauty,
Bottega Verde,Waterway Point,East Wing  #01-56,6385 8045,Hair & Beauty,
Bottles and Bottles,The Centrepoint,#B1-K8/K9,N.A,Food & Restaurants,
Boudoir,Anchorpoint,#01-23,6471 0388,Fashion Wear & Accessories,
Boulevard,Changi City Point,#01-72/73,N.A,Food & Restaurants,
Box Boss,Northpoint City,North Wing  #02-46,8365 5523,Gifts,
Branded Outlet,Changi City Point,#02-29/30,6636 1709,Fashion Wear & Accessories,
BreadTalk,Causeway Point,#01-34,6893 4434,Food & Restaurants,
BreadTalk,Changi City Point,#01-12,6781 4434,Food & Restaurants,
BreadTalk,Eastpoint Mall,#01-01,6260 0371,Food & Restaurants,
BreadTalk,The Centrepoint,#B1-K6/K7,N.A,Food & Restaurants,
BreadTalk,Waterway Point,East Wing  #B1-15,6385 8563,Food & Restaurants,
Brez'n,Valley Point,#01-21/22/23,6235 1613,Food & Restaurants,
Bright Optique,YewTee Point,#B1-31,6875 0131,Optical,
British Essential,Eastpoint Mall,#B1-03,N.A,Hair & Beauty,
Bronz Tanning Salon,China Square Central,18 Cross St,6327 3777,Hair & Beauty,
BsaB,The Centrepoint,#01-33L,6734 5026,Hair & Beauty,
Buddy Hoagies CafÌÎå© & Grill,Waterway Point,West Wing  #02-22,6385 8328,Food & Restaurants,
Bukang Korean BBQ & Seafood,Anchorpoint,368 Copperdome,6327 4123,Food & Restaurants,
BurgerUp,Waterway Point,West Wing  #B2-06,6384 4509,Food & Restaurants,
Cambridge Pre-school,Robertson Walk,#02-01/02,6737 9139 <br> 6735 9426,Schools & Offices,
Canton Paradise,Northpoint City,North Wing  #02-06,N.A,Food & Restaurants,
Capitol Optical,Causeway Point,#B1-02,6894 0489,Optical,
Capitol Optical,Changi City Point,#01-14,6636 0386,Optical,
Capitol Optical,Northpoint City,North Wing  #B1-56,6753 0233,Optical,
Caraters | Diamonds in Pairs,Robertson Walk,#02-15,6235 4544,Jewellery & Watches,
Cars International,The Centrepoint,L4 Carpark,6734 4072,Services,
Cathay Cineplexes,Causeway Point,#07-01,6767 1580,Amusement/Entertainment,
Cedele Bakery Kitchen,Waterway Point,West Wing  #01-66,6385 7961,Food & Restaurants,
Challenger,Bedok Point,#B1-05/06/07/08/09/K15,Not Available.,Electrical  Electronic  Camera & Telecommunication,
Challenger,Causeway Point,#04-07,6893 8721,Electrical  Electronic  Camera & Telecommunication,
Challenger,Changi City Point,#01-56/57/58/59,6636 1052,Electrical  Electronic  Camera & Telecommunication,
Challenger,Eastpoint Mall,#B1-08,6702 0018,Electrical  Electronic  Camera & Telecommunication,
Challenger,Northpoint City,North Wing,6853 8300,Electrical  Electronic  Camera & Telecommunication,
Challenger Mini,YewTee Point,#B1-12/13,6465 8872,Electrical  Electronic  Camera & Telecommunication,
Challenger Mini,Waterway Point,East Wing  #B1-26,6385 8775,Electrical  Electronic  Camera & Telecommunication,
Chamelon,Causeway Point,#B1-03,6894 2734,Fashion Wear & Accessories,
CHARLES & KEITH,Causeway Point,#01-28,6767 1306,Leather Goods  Bags & Shoes,
CHARLES & KEITH,Waterway Point,East Wing  #01-51,6385 8153,Leather Goods  Bags & Shoes,
CHARLES & KEITH Outlet,Anchorpoint,#01-30/31,6472 6937,Leather Goods  Bags & Shoes,
Cheers,Eastpoint Mall,#01-10/11,6443 2077,Services,
Chen Kang Foot Spa,Bedok Point,#03-25/26,6441 1194,Services,
Chen Kang Wellness,Eastpoint Mall,#03-19,6782 0200,Services,
Chicken Hotpot,Bedok Point,#02-35/36,6242 2592,Food & Restaurants,
Chicken Up,The Centrepoint,#01-33H,6635 2651,Food & Restaurants,
Chir Chir Fusion Chicken Factory,Bedok Point,#02-05/06,6481 2098,Food & Restaurants,
Chiropratic First,Northpoint City,North Wing  #03-36,N.A,Pharmacy & Healthcare,
Choc Spot,Eastpoint Mall,#B1-18,N.A,Food & Restaurants,
Choc Spot,The Centrepoint,#B2-01A,N.A,Food & Restaurants,
Choc Spot,Waterway Point,East Wing  #B2-22,6247 5451,Food & Restaurants,
Circular Haircraft,China Square Central,18 Cross St #02-12,6327 4678,Hair & Beauty,
Citibank,Waterway Point,West Wing  #01-17,6225 5225,Bank & Money Changer,
Citispa,Northpoint City,North Wing  #02-23,6852 3168,Hair & Beauty,
Citispa,YewTee Point,#B1-16,6462 6178 <br> 6462 6179,Hair & Beauty,
Citrusox,Causeway Point,#02-K03,6893 8004,Fashion Wear & Accessories,
City Best,Changi City Point,#B1-42,6604 9786,Bank & Money Changer,
City Chain,Causeway Point,#01-04,6894 2587,Jewellery & Watches,
City Chain,Northpoint City,North Wing  #01-32,6759 2975,Jewellery & Watches,
City Chain,Waterway Point,West Wing  #01-18,6386 0628,Jewellery & Watches,
Clariti - Hearing Care Professionals,The Centrepoint,#03-29,6733 1011,Pharmacy & Healthcare,
Clarks Outlet,Changi City Point,#01-33,6444 6513,Leather Goods  Bags & Shoes,
Clay Cove,The Centrepoint,#05-01,6733 8129,Arts & Crafts,
Click!,The Centrepoint,#03-40/40A/40B,6226 7226,Electrical  Electronic  Camera & Telecommunication,
Clinique,Causeway Point,#01-K05,6893 3322,Hair & Beauty,
Clover Medical Clinic Pte Ltd,YewTee Point,#B1-25,6509 4480,Pharmacy & Healthcare,
ClubCo / Club Meatballs,China Square Central,20 Cross St #01-05/07/12/17 &amp; #01-34/36,6222 8660,Food & Restaurants,
Coby Bag Shoe & Key Services,YewTee Point,#B1-11A,6509 8292,Services,
Cococane,Waterway Point,West Wing  #B2-K7,Not Available.,Food & Restaurants,
Cold Storage,Anchorpoint,#B1-03/04/05/06/07,6479 3242,Supermarket,MR85002257
Cold Storage,Causeway Point,#B1-31/32/33,6894 1236,Supermarket,MR85002257
Cold Storage,Northpoint City,North Wing,6756 7100,Supermarket,MR85002257
Cold Storage,The Centrepoint,#B1-09/10,6235 0737 <br>  6235 3401,Supermarket,MR85002257
Coldwear,Causeway Point,#03-15,6893 1906,Fashion Wear & Accessories,
Coldwear,Changi City Point,#02-45,6636 1607,Fashion Wear & Accessories,
Color Kid‰Û¡ÌÝå»s World,Waterway Point,West Wing  #02-K2,6386 8482,Arts & Crafts,
ColorWash,China Square Central,18 Cross St #01-08,6327 4778,Services,
Confucius Mandarin Institute,Bedok Point,#03-12/13/14/15/16,6245 3233,Schools & Offices,
Confucius Mandarin Institute,Northpoint City,North Wing  #03-11,6757 3232,Schools & Offices,
Converse,Causeway Point,#02-12,6893 5943,Fashion Wear & Accessories,
Converse,Waterway Point,East Wing  #B1-35,6213 7022,Fashion Wear & Accessories,
Cookhouse by Koufu,Waterway Point,West Wing  #02-20,6385 8824,Food & Restaurants,
Coslab,The Centrepoint,#02-28A/28B,6262 0012,Hair & Beauty,
Coslab,Waterway Point,East Wing  #01-43,6384 5255,Hair & Beauty,
Cotton On,Causeway Point,#01-21,6894 1349,Fashion Wear & Accessories,
Cotton On,Changi City Point,#01-08,6636 0490,Fashion Wear & Accessories,
Cotton On,Northpoint City,North Wing  #02-38,6755 6753,Fashion Wear & Accessories,
Cotton On,Waterway Point,East Wing  #01-61,6385 7946,Fashion Wear & Accessories,
Cotton On Kids,Anchorpoint,#01-24/25/26/27,6266 3114,Children's Wear  Toys & Maternity,
Cotton On Kids,Waterway Point,West Wing  #02-09,6385 9345,Children's Wear  Toys & Maternity,
Cotton On Outlet,Anchorpoint,#01-01/02,6476 2944,Fashion Wear & Accessories,
Country Brot by Four Leaves,Northpoint City,North Wing  #B1-04,6755 7080,Food & Restaurants,
Country Brot by Four Leaves,Waterway Point,West Wing  #B2-31,6385 8863,Food & Restaurants,
Couple Lab,Waterway Point,West Wing  #01- K8,6384 2729,Fashion Wear & Accessories,
Courts,Causeway Point,#04-19/20,1800 222 6868,Furniture  Furnishings and Household,
Covet,Causeway Point,#01-11,6893 5923,Leather Goods  Bags & Shoes,
Crave,Northpoint City,North Wing  #B1-45,N.A,Food & Restaurants,
Crave,Waterway Point,East Wing  #B1-K7,6384 9509‰Û¡ÌÝÌÏ,Food & Restaurants,
Creative Art Corner,Causeway Point,#03-K01,9322 8787,Arts & Crafts,
Crescendo Hairdressing,Changi City Point,#02-18,6604 9839,Hair & Beauty,
Crescendo Hairdressing,Waterway Point,East Wing  #01-35,6385 1816,Hair & Beauty,
Crislo Maid Specialist,Eastpoint Mall,#03-10,N.A,Services,
Cristofori Music School,Bedok Point,#04-05/08,6241 6631,Schools & Offices,
Cristofori Music School,Changi City Point,#02-14,6636 1046,Schools & Offices,
Cristofori Music School,Eastpoint Mall,#06-01,6787 3839,Schools & Offices,
Crocs,Causeway Point,#03-14A,6760 2567,Leather Goods  Bags & Shoes,
Crocs Outlet,Changi City Point,#02-41,6636 1390,Leather Goods  Bags & Shoes,
Croute,Valley Point,#01-11/12,6887 4996,Food & Restaurants,
Crystal Jade Kitchen,Causeway Point,#05-10,6891 1779,Food & Restaurants,
Crystal Jade Kitchen,The Centrepoint,#03-43,6734 9420,Food & Restaurants,
Crystal Jade My Bread,Causeway Point,#B1-K21,6893 8123,Food & Restaurants,
Crystal Wines,Valley Point,#01-02/03,6737 3540,Food & Restaurants,
CY Prints,Northpoint City,North Wing  #03-K1,Not Available.,Arts & Crafts,
D&C,Anchorpoint,#01-21,N.A.,Leather Goods  Bags & Shoes,
D&C,Eastpoint Mall,#01-23,6604 6108,Leather Goods  Bags & Shoes,
Daessiksin Korean BBQ Buffet,Causeway Point,#05-11,6760 3797,Food & Restaurants,
Daessiksin Korean BBQ Buffet,Waterway Point,East Wing  #01-33,6385 8059,Food & Restaurants,
Daiso,Eastpoint Mall,#B1-14,6782 6835,Furniture  Furnishings and Household,
Daiso,Waterway Point,West Wing  #B1-09,6385 8446,Furniture  Furnishings and Household,
Daiso Japan,Changi City Point,#B1-01/02/03,6334 0129,Furniture  Furnishings and Household,
dal.komm COFFEE,The Centrepoint,#01-01/06 and #01-102/103,Not Available.,Food & Restaurants,
Danro Collagen <br>å___å¢Ì Hotpot Buffet by MOF / Tensho by MOF,Waterway Point,East Wing  #01-32,6386 1741,Food & Restaurants,
Dapur Penyet,The Centrepoint,#01-59/60/61/62,6734 2840,Food & Restaurants,
Darling Shoes,Changi City Point,#01-46,6636 4639,Leather Goods  Bags & Shoes,
Day Market,Waterway Point,West Wing  #02-33,Not Available,Toys & Collectibles,
DBS Service Centre,Causeway Point,#B1 - 26,1800 222 2200,Bank & Money Changer,
DD Collection,Eastpoint Mall,#03-K5,N.A,Fashion Wear & Accessories,
De Dental Practice,Eastpoint Mall,#03-13,6784 7800,Pharmacy & Healthcare,
De Dental Practice Two,Changi City Point,#02-17,6543 6345,Pharmacy & Healthcare,
De Sand Salon,Anchorpoint,#B1-01/02,6474 0433,Hair & Beauty,
De Spring,Anchorpoint,#B1-35,Not Available,Fashion Wear & Accessories,
Delifrance,Causeway Point,#B1-21,6462 6447,Food & Restaurants,
Denizen,Northpoint City,North Wing  #02-31,6484 0164,Fashion Wear & Accessories,
Desa Kartika Indonesian Restaurant,The Centrepoint,#04-13/15,6732 7372,Food & Restaurants,
Devotz,China Square Central,18 Cross St #01-20,6438 1880,Fashion Wear & Accessories,
Dian Xiao Er,Waterway Point,East Wing  #01-30,6385 8513,Food & Restaurants,
Din Tai Fung,The Centrepoint,#02-55,6694 2292,Food & Restaurants,
Din Tai Fung,Waterway Point,West Wing  #01-22,6384 7767,Food & Restaurants,
Dining Place by Chef Heman,The Centrepoint,#B1-11/12,6732 1188,Food & Restaurants,
Dorothy Perkins,Causeway Point,#02-31,6891 4168,Fashion Wear & Accessories,
DoSiRak,China Square Central,18 Cross St #01-02,6530 6634,Food & Restaurants,
Dough & Grains,Waterway Point,East Wing  #01-K6/K7,Not Available.,Food & Restaurants,
Dough Culture,Causeway Point,#01-K08,6893 9223,Food & Restaurants,
Dough Culture,Changi City Point,#B1-K3,6636 3356,Food & Restaurants,
Dough Culture,Northpoint City,North Wing  #B1-10,6482 4125,Food & Restaurants,
Dough Culture,Waterway Point,East Wing  #01-K5,Not Available,Food & Restaurants,
Dr Kong,Causeway Point,#03-25,6760 3192,Leather Goods  Bags & Shoes,
Dr Kong,Changi City Point,#01-22,6444 5043,Leather Goods  Bags & Shoes,
Dr Tan & Partners,Robertson Walk,#02-07,6238 7810,Pharmacy & Healthcare,
Duke Bakery,Anchorpoint,#B1-10,6479 6978,Food & Restaurants,
Duke Bakery,Bedok Point,#01-08,6242 6738,Food & Restaurants,
Dunkin' Donuts,Causeway Point,#B1-K16,6760 0248,Food & Restaurants,
Dunkin' Donuts,Northpoint City,North Wing  #B1-17,N.A,Food & Restaurants,
Dunkin' Donuts,Waterway Point,West Wing  #B1-K3,6384 6612,Food & Restaurants,
Dunlopillo,The Centrepoint,#04-02,6268 4565,Furniture  Furnishings and Household,
Each-A-Cup,Causeway Point,#B1-K13,Not Available.,Food & Restaurants,
Eagle Beauty,Eastpoint Mall,#04-10/11,N.A,Hair & Beauty,
Earth Hair & Beauty Salon,Valley Point,#01-04,6737 0108,Hair & Beauty,
Eastchamp Optics,Anchorpoint,#B1-25,6471 1393,Optical,
Eastern Rice Dumpling,Northpoint City,North Wing  #B1-14,6852 9732,Food & Restaurants,
Eastern Rice Dumpling,YewTee Point,#B1-45,Not Available.,Food & Restaurants,
Eastpoint Moneychanger,Eastpoint Mall,#B1-09,6788 1371,Bank & Money Changer,
EAT.,Northpoint City,North Wing  #B2-14,6484 2556,Food & Restaurants,
EC House,Anchorpoint,#B1-18,6474 7174,Hair & Beauty,
EC House,Northpoint City,North Wing  #B1-38,6339 5677,Hair & Beauty,
Edvox Music School,Waterway Point,West Wing  #02-08,6100 3380,Schools & Offices,
eGG,Waterway Point,West Wing  #01-20,6385 8301,Optical,
Eighteen Chefs,Eastpoint Mall,#01-12,6789 2852,Food & Restaurants,
Eighteen Chefs,YewTee Point,#B1-29/30,6834 4770,Food & Restaurants,
Eldric Marketing,The Centrepoint,#05-03,6339 1188,Furniture  Furnishings and Household,
Elegant Nails,Valley Point,#01-15,6736 0360,Hair & Beauty,
Elements by Home-Fix,Waterway Point,East Wing  #B2-09,6385 7949,Furniture  Furnishings and Household,
Elements Wellness,The Centrepoint,#02-28,6737 8488,Services,
Empire State,Causeway Point,#02-10/K10,6893 2976,Food & Restaurants,
Encik Tan,Eastpoint Mall,#B1-12,N.A,Food & Restaurants,
Encik Tan,YewTee Point,#B1-28,N.A,Food & Restaurants,
Encik Tan,Waterway Point,East Wing  #B2-03,Not Available,Food & Restaurants,
Envy and Pride Beauty World,The Centrepoint,#01-28/29,N.A.,Leather Goods  Bags & Shoes,
Erabelle,Eastpoint Mall,#02-12/13,6260 0098,Hair & Beauty,
Ergoworks,Causeway Point,#03-26,6893 8488,Furniture  Furnishings and Household,
Ergoworks,The Centrepoint,#03-36,6836 8488,Furniture  Furnishings and Household,
Espressolab,China Square Central,18 Cross St,6536 2328,Food & Restaurants,
Esprit,Causeway Point,#01-26/27,6894 9700,Fashion Wear & Accessories,
Esprit,Waterway Point,West Wing  #01-04/05,6385 9463,Fashion Wear & Accessories,
Esprit Outlet,Changi City Point,#02-43/44,6297 1211,Fashion Wear & Accessories,
Essential Face & Body Hub,China Square Central,18 Cross St,6327 8807,Hair & Beauty,
Estetica,Northpoint City,North Wing  #02-24,6755 5726,Hair & Beauty,
EtonHouse,Robertson Walk,#02-20,6221 1050,Schools & Offices,
Etude House,Causeway Point,#B1-K02,6893 3817,Hair & Beauty,
Eu Yan Sang,Causeway Point,#B1-38,6894 2517,Pharmacy & Healthcare,
Eu Yan Sang,The Centrepoint,#B1-23/24,6235 3960,Pharmacy & Healthcare,
Eu Yan Sang,Waterway Point,West Wing  #B2-28,6385 8453,Pharmacy & Healthcare,
Eu Yan Sang TCM,Eastpoint Mall,#03-15,6785 9159,Pharmacy & Healthcare,
Eu Yan Sang TCM Clinic,Waterway Point,West Wing  #02-13,6875 7004,Pharmacy & Healthcare,
Evergreen Stationery,Changi City Point,#02-12/K3/K4,6636 2976,Books & Stationery,
Everlast,Causeway Point,#02-20,6760 0119,Fashion Wear & Accessories,
Evita PERONI,The Centrepoint,#01-K7,N.A,Fashion Wear & Accessories,
Eyechamp Young,Waterway Point,West Wing  #02-31,6386 0816,Optical,
Factorie,Causeway Point,#02-28,6219 5289,Fashion Wear & Accessories,
Factorie,Waterway Point,East Wing  #01-50,6385 9334,Fashion Wear & Accessories,
Factory Direct Sales,Anchorpoint,#B1-37,6252 0089,Leather Goods  Bags & Shoes,
Fairprice Finest,Changi City Point,#B1-08/09/10/11,6444 1472 <br> 6443 8547,Supermarket,M400045780
FairPrice Finest,Valley Point,#01-14,6733 9358,Supermarket,M400045780
Fairprice Finest,Waterway Point,West Wing  #B2-32,6385 8959,Supermarket,M400045780
Famous Amos,Causeway Point,#B1-K20,6894 8831,Food & Restaurants,
Famous Amos,Northpoint City,North Wing  #B1-16,6752 6272,Food & Restaurants,
Famous Tiong Bahru Dessert,Causeway Point,#01-K10,Not Available,Food & Restaurants,
Fancy Delight,Causeway Point,#B1-K19,Not Available,Food & Restaurants,
Fasu,Northpoint City,North Wing  #02-22,6257 1618,Fashion Wear & Accessories,
Feng Shui Shi Jia,Waterway Point,#B2-18,N.A.,Services,
Fingertip Nail Care,Bedok Point,#B1-14,6445 5001,Hair & Beauty,
First Lady Nails & Beauty,Northpoint City,North Wing  #03-29,6482 5722,Hair & Beauty,
Fish & Co.,Waterway Point,East Wing  #B1-18,6385 9061,Food & Restaurants,
Fish Mart SAKURAYA,Anchorpoint,#01-32/33,6474 2495,Food & Restaurants,
Five Izakaya Bar,Changi City Point,#01-66/67,6604 8255,Food & Restaurants,
Flora Springs & Party,Anchorpoint,#B1-11,6474 4119,Gifts,
Folks Collective,China Square Central,20 Cross St,6536 6739,Food & Restaurants,
Food Junction,Eastpoint Mall,#04-04,6338 8213,Food & Restaurants,
Food Republic,Causeway Point,#04-01/04,6891 1021,Food & Restaurants,
Forever Flawless,The Centrepoint,#02-02/02A/03/03A,6737 1012,Hair & Beauty,
Forty 42,China Square Central,18 Cross St #02-10,Not Available.,Toys & Collectibles,
Four Leaves,Anchorpoint,#B1-57,6473 3801,Food & Restaurants,
Four Leaves,Causeway Point,#B1-34,6894 1232,Food & Restaurants,
Four Leaves,Changi City Point,#B1-52,6636 1663,Food & Restaurants,
Four Leaves,YewTee Point,#B1-33/34,6762 0228,Food & Restaurants,
Four Leaves CafÌÎå©,Eastpoint Mall,#02-K1,6694 8527,Food & Restaurants,
Fourskin,Eastpoint Mall,#02-23,6443 3087,Fashion Wear & Accessories,
Fox Kids & Baby,Causeway Point,#03-19,6891 1383,Children's Wear  Toys & Maternity,
Fox Kids & Baby,Changi City Point,#02-24,6636 3911,Children's Wear  Toys & Maternity,
Fragrance,Changi City Point,#B1-19,6636 1642,Food & Restaurants,
Fragrance,Northpoint City,North Wing  #B2-15,6482 5114,Food & Restaurants,
Fragrance,The Centrepoint,#B1-K4,N.A,Food & Restaurants,
Fragrance,YewTee Point,#B1-39,6468 1506,Food & Restaurants,
FREE Skin & Body Perfect,The Centrepoint,#03-19A,6737 1868,Hair & Beauty,
Freeman Florist,Waterway Point,East Wing  #B2-33,6386 8469,Gifts,
Frenzo Spa & Wellness,Eastpoint Mall,#02-15/16,6789 6538,Hair & Beauty,
Fruit Paradise,Waterway Point,West Wing  #01-65,6385 8795,Food & Restaurants,
G-Factory,Waterway Point,West Wing  #01-19,6808 1711,Jewellery & Watches,
G2000,Causeway Point,#02-30,6894 7168,Fashion Wear & Accessories,
G2000,Waterway Point,West Wing  #01-09,6386 3869,Fashion Wear & Accessories,
G2000 Outlet,Changi City Point,#02-36/37,6636 1466,Fashion Wear & Accessories,
Gadget Mix,Northpoint City,North Wing  #B2-04,N.A,Electrical  Electronic  Camera & Telecommunication,
Gadget Solution,Eastpoint Mall,#B1-06,8727 2824,Electrical  Electronic  Camera & Telecommunication,
Gain City,Causeway Point,#04-23,6894 0100,Electrical  Electronic  Camera & Telecommunication,
Gain City,Changi City Point,#01-K9,6853 1212,Electrical  Electronic  Camera & Telecommunication,
GelÌÎÌre,Causeway Point,#03-K06/K08,6891 2665,Food & Restaurants,
GelÌÎÌre,The Centrepoint,#03-K01,6659 6430,Food & Restaurants,
GelÌÎÌre,Waterway Point,West Wing  #02-25,6385 8994,Food & Restaurants,
Genki Sushi,Waterway Point,West Wing  #02-23,6385 1311,Food & Restaurants,
Geox,The Centrepoint,#01-22/23/24,6836 5723,Leather Goods  Bags & Shoes,
GG-2,Eastpoint Mall,#02-36/37,Not Available,Fashion Wear & Accessories,
GG&lt;5,Waterway Point,West Wing  #01-11,6385 9632,Fashion Wear & Accessories,
Giordano,Causeway Point,#01-22,6513 7264,Fashion Wear & Accessories,
Giordano,Changi City Point,#01-32,6636 0497,Fashion Wear & Accessories,
Giordano,Northpoint City,North Wing  #02-12,6754 5300,Fashion Wear & Accessories,
Giordano,Waterway Point,East Wing  #B1-41/42,6513 7275,Fashion Wear & Accessories,
Giordano Outlet,Anchorpoint,#01-19,6513 7260,Fashion Wear & Accessories,
GK Global,Causeway Point,#03-K10,6894 8797,Electrical  Electronic  Camera & Telecommunication,
GK Global,Waterway Point,West Wing  #B1-K14,Not Available.,Electrical  Electronic  Camera & Telecommunication,
Glimpse,Causeway Point,#01-23,6766 0123,Optical,
Glimpse,The Centrepoint,#01-33/33A,6262 3133,Optical,
Global Art,Anchorpoint,#B1-38/39,6475 7100,Schools & Offices,
Global Art,Eastpoint Mall,#06-03,6538 9613,Schools & Offices,
GNC,Causeway Point,#B1-36,6894 2732,Pharmacy & Healthcare,
GNC,Changi City Point,#B1-17A,6636 1196,Pharmacy & Healthcare,
GNC,Northpoint City,North Wing,6851 7116,Pharmacy & Healthcare,
GNC,The Centrepoint,#B1-05,6835 7421,Pharmacy & Healthcare,
GNC,Waterway Point,West Wing  #B2-29,6385 8215,Pharmacy & Healthcare,
GoGo Franks,Causeway Point,#B1-K27,6893 0316,Food & Restaurants,
GoGo Franks,Northpoint City,North Wing  #B1-25,6481 7951,Food & Restaurants,
Golden Horse,Bedok Point,#B1-15,Not Available.,Furniture  Furnishings and Household,
Goldheart,Causeway Point,#01-07/08,6894 1471,Jewellery & Watches,
Goldheart,The Centrepoint,#01-18/20,6835 3583,Jewellery & Watches,
Goldheart,Waterway Point,West Wing  #01-06,6385 9190,Jewellery & Watches,
Goldheart Gold,Waterway Point,East Wing  #01-57,6385 9808,Jewellery & Watches,
Goldlion Boutique,Waterway Point,East Wing  #B1-37,6385 9177,Fashion Wear & Accessories,
GoldSilver Central,China Square Central,18 Cross St #01-24,6222 9703,Jewellery & Watches,
Grove,Waterway Point,West Wing  #02-21,6385 8874,Food & Restaurants,
Guardian Health & Beauty,Causeway Point,#B1-28/29/30,6894 3014,Pharmacy & Healthcare,MR85002257
Guardian Health & Beauty,Eastpoint Mall,#02-01 to #02/35,6538 2394,Pharmacy & Healthcare,MR85002257
Guardian Health & Beauty,Northpoint City,North Wing,6754 6574,Pharmacy & Healthcare,MR85002257
Guardian Health & Beauty,The Centrepoint,#B1-01/02/03/04,6835 7453,Pharmacy & Healthcare,MR85002257
Guardian Health & Beauty,Waterway Point,West Wing  #B1-04,6385 8073,Pharmacy & Healthcare,MR85002257
Guo Fu,China Square Central,20 Cross St #01-08/08A/09/31/32/33,6557 0906,Food & Restaurants,
GYMMBOXX Silver,Bedok Point,#04-08/19,6873 0286,Sports & Leisure,
H&M,Waterway Point,West Wing  #01-64 and #02-26,6385 8007,Fashion Wear & Accessories,
H4U Salon,The Centrepoint,#04-16,6738 8849,Hair & Beauty,
Hair Club,Waterway Point,West Wing  #B2-25,Not Available.,Hair & Beauty,
Hair Inn,The Centrepoint,#02-26,6733 8510,Hair & Beauty,
Hair Mori Salon,The Centrepoint,#02-35,6262 6088,Hair & Beauty,
Hako,Causeway Point,#04-29,6766 0318 <br> 6766 0338,Gifts,
Han Language Centre,Eastpoint Mall,#06-07,6538 4997,Schools & Offices,
Han's,Changi City Point,#01-51/52/53,6708 6752,Food & Restaurants,
Han's,The Centrepoint,#01-53/54/55/56,6708 6776,Food & Restaurants,
Han's,Waterway Point,East Wing  #B2-01,6708 6774,Food & Restaurants,
Hang Ten,Northpoint City,North Wing  #02-20,6852 7663,Fashion Wear & Accessories,
Hanis CafÌÎå© & Bakery,Eastpoint Mall,#01-14,6708 6773,Food & Restaurants,
Happy Days,Bedok Point,#04-01/04,6445 4345,Amusement/Entertainment,
Harvey Norman,Bedok Point,#B1-01/02  #B1-16 to 32 #B1-K1 to K14,6446 7218,Electrical  Electronic  Camera & Telecommunication,
Harvey Norman,Northpoint City,North Wing,6757 7695,Electrical  Electronic  Camera & Telecommunication,
Hassan Barber,Eastpoint Mall,#04-03,Not Available.,Hair & Beauty,
Headlines Hairdressing,China Square Central,18 Cross St #01-15,6221 6866,Hair & Beauty,
Healthway Medical,The Centrepoint,#06-01/02/03/04/05,6733 0355,Pharmacy & Healthcare,
Heavenly Wang,Eastpoint Mall,#B1-K3,Not Available,Food & Restaurants,
Heguru Education Centre,Waterway Point,West Wing  #02-07,6385 1588,Schools & Offices,
Helen,Causeway Point,#01-28A,6891 2917,Fashion Wear & Accessories,
Heritage Hub,Northpoint City,North Wing  #02-30,6756 2811,Fashion Wear & Accessories,
Hi-Tech Mobile,Eastpoint Mall,#04-K1,N.A,Electrical  Electronic  Camera & Telecommunication,
Himonoya,Robertson Walk,#02-14,8307 9863,Food & Restaurants,
Hinata,Robertson Walk,#01-07,6737 5968,Food & Restaurants,
Ho Kee Pau,Causeway Point,#01-K07,6894 3778,Food & Restaurants,
Hobby Atelier,China Square Central,18 Cross St #02-24,8612 7866,Toys & Collectibles,
Hockhua Herbal Tea,Causeway Point,#B1-K24,6894 1250,Food & Restaurants,
Hockhua Tonic,Causeway Point,#B1-39,6894 1230,Pharmacy & Healthcare,
Hockhua Tonic,Eastpoint Mall,#04-05,6636 4483,Pharmacy & Healthcare,
Hockhua Tonic,YewTee Point,#B1-23,6509 4383,Pharmacy & Healthcare,
HockHua Tonic,Waterway Point,West Wing  #B2-30,6385 8486,Pharmacy & Healthcare,
Hokkaido Baked Cheese Tart,Changi City Point,#B1-K5,6904 9166,Food & Restaurants,
Hokkaido Baked Cheese Tart,Northpoint City,North Wing  #B1-46,6481 0887,Food & Restaurants,
Home-Fix The D.I.Y Store,Eastpoint Mall,#B1-01/02,6214 3100,Furniture  Furnishings and Household,
Home-Fix The D.I.Y. Store,Causeway Point,#B1-41,6893 1228,Furniture  Furnishings and Household,
Home-Fix The D.I.Y. Store,Northpoint City,North Wing  #B1-26,6754 6701,Furniture  Furnishings and Household,
Hong Kong Egglet,Northpoint City,North Wing  #B1-18,N.A,Food & Restaurants,
Hong Kong Sheng Kee Dessert,Causeway Point,#B1-24,6892 9795,Food & Restaurants,
Hong Kong Sheng Kee Dessert,Changi City Point,#B1-30,6636 1580,Food & Restaurants,
Hong Kong Sheng Kee Dessert,The Centrepoint,#B1-14,6736 3688,Food & Restaurants,
Honolulu CafÌÎå©,The Centrepoint,#01-33F/G,6734 6609,Food & Restaurants,
Hoops Factory,Northpoint City,North Wing  #02-32,6756 9021,Sports & Leisure,
Hoops Factory,The Centrepoint,#02-15/16,6260 0366,Sports & Leisure,
Hot Tomato,Causeway Point,#02-11,6894 2685,Food & Restaurants,
Hua Language Centre,Causeway Point,#05-03,6894 7183,Schools & Offices,
Huang Chen Nanyang Old Coffee,China Square Central,20 Cross St,Not Available,Food & Restaurants,
Hue Fashion,Northpoint City,North Wing  #02-21,6759 6236,Fashion Wear & Accessories,
Hush Puppies,The Centrepoint,#02-01,6734 3635,Leather Goods  Bags & Shoes,
Hush Puppies Apparel,Anchorpoint,#01-35,6471 7382,Fashion Wear & Accessories,
Hush Puppies Apparel,Causeway Point,#02-25,6894 2149,Fashion Wear & Accessories,
Hush Puppies Apparel,Northpoint City,North Wing  #02-19,6257 5910,Fashion Wear & Accessories,
Hush Puppies Outlet / Antton & Co. Outlet,Changi City Point,#01-17,6443 5117,Leather Goods  Bags & Shoes,
I Can Read,Bedok Point,#02-18/19,6785 8168,Schools & Offices,
I Can Read,Waterway Point,West Wing  #02-06,6385 9278,Schools & Offices,
I Love Taimei,Waterway Point,West Wing  #B1-K5,Not Available,Food & Restaurants,
I ‰Û¡å»å« Accessories,Northpoint City,North Wing  #03-17,6257 8109,Fashion Wear & Accessories,
i.Dental,Northpoint City,North Wing  #03-15,6756 1868,Services,
iBeryl,Eastpoint Mall,#02-K5,Not Available.,Leather Goods  Bags & Shoes,
iBeryl,Waterway Point,West Wing  #01-K10,9223 3878,Leather Goods  Bags & Shoes,
Ichiban Boshi,Causeway Point,#05-06/07,6893 6338,Food & Restaurants,
Ichiban Boshi,Waterway Point,East Wing  #B1-19,6385 8351,Food & Restaurants,
Ichiban Sushi,Changi City Point,#B1-12/13,6636 1638,Food & Restaurants,
Idaten Udon,Changi City Point,#B1-12/13,6636 1736,Food & Restaurants,
ILDO Taekwondo Academy,Bedok Point,#02-20/22,9677 5860,Schools & Offices,
Industrial and Commercial Bank of China Ltd,Eastpoint Mall,#01-K6/K7/K8,6369 5588,Bank & Money Changer,
Industrial and Commercial Bank of China Ltd,Waterway Point,West Wing  #01-14,6369 5588,Bank & Money Changer,
innisfree,Causeway Point,#01-24,6760 0249,Hair & Beauty,
Intoxiquette,The Centrepoint,#02-08/09,6887 4856,Fashion Wear & Accessories,
Iora,The Centrepoint,#03-37/39,6836 5163,Fashion Wear & Accessories,
J-Story,Eastpoint Mall,#01-33,Not Available,Food & Restaurants,
J3 Healthier Juice. Soda,China Square Central,18 Cross St #01-12,6221 0754,Food & Restaurants,
Jack's Place,Anchorpoint,#01-09/10,6475 9790,Food & Restaurants,
Jantzen Salon,Causeway Point,#04-16,6513 8802,Hair & Beauty,
Jantzen Salon,Eastpoint Mall,#02-14,6513 8808,Hair & Beauty,
Jantzen Salon,The Centrepoint,#02-22,6513 8805,Hair & Beauty,
Japan Home,Anchorpoint,#B1-30/31,64725913,Furniture  Furnishings and Household,
Japan Home,Causeway Point,#B1-06,6760 0092,Furniture  Furnishings and Household,
Japan Home,Eastpoint Mall,#04-12,6784 2733,Furniture  Furnishings and Household,
Japan Home,Northpoint City,North Wing  #02-18,6759 4881,Furniture  Furnishings and Household,
Japan Home,YewTee Point,#B1-27,6462 2214,Furniture  Furnishings and Household,
Japan Home,Waterway Point,East Wing  #B2-19/20,6385 9106,Furniture  Furnishings and Household,
Jean Accessories,Northpoint City,North Wing  #02-35,6854 0726,Fashion Wear & Accessories,
Jean Yip Beauty & Slimming,Causeway Point,#04-15,6894 2316 <br> 6894 2317,Hair & Beauty,
Jean Yip Hairdressing,Causeway Point,#04-13,6894 2316 <br> 6894 2317,Hair & Beauty,
Jean Yip Hairdressing / Jean Yip Slimming & Beauty,Northpoint City,North Wing,6257 9232,Hair & Beauty,
Ji De Chi,Eastpoint Mall,#01-07/K3,6484 6522,Food & Restaurants,
Ji De Chi,The Centrepoint,#02-K02,N.A,Food & Restaurants,
Ji De Chi,Waterway Point,East Wing  #B1-43/K9,Not Available,Food & Restaurants,
Jollibee,Changi City Point,#01-37/38,Not Available,Food & Restaurants,
Joop,Anchorpoint,#01-28,N.A,Fashion Wear & Accessories,
JS Hair Studio,YewTee Point,#01-14,6893 2113,Hair & Beauty,
Ju Hao,Northpoint City,North Wing,62575868,Food & Restaurants,
Ju Shin Jung ‰Û¡ÌÝÌÕ Korean Charcoal BBQ,Robertson Walk,#01-30/31,6235 6786,Food & Restaurants,
Juba,The Centrepoint,#01-34/35/36/37/38/39,6836 6686,Fashion Wear & Accessories,
Ka Ki Nang,Bedok Point,#01-04,N.A,Food & Restaurants,
Kai Joo Optometry,Eastpoint Mall,#01-30,6784 8066,Optical,
Kaiware Japanese Restaurant,China Square Central,22 Cross St,6735 2345,Food & Restaurants,
Kakoo,The Centrepoint,#02-49,6235 9695,Fashion Wear & Accessories,
Kanemochi,Waterway Point,East Wing  #B1-K13,Not Available,Food & Restaurants,
Kanpai 789,Robertson Walk,#01-18/29,9800 4954,Food & Restaurants,
Kappa,Northpoint City,North Wing  #02-49,N.A,Fashion Wear & Accessories,
Kcuts,Bedok Point,#03-30,Not Available.,Hair & Beauty,
Kcuts,Changi City Point,#02-11,Not Available,Hair & Beauty,
kcuts,Eastpoint Mall,#B1-04,Not Available,Hair & Beauty,
Ken@HairStage,Bedok Point,#03-20/21,6245 5880,Hair & Beauty,
Kent Ridge Education,Anchorpoint,#B1-38/39,6476 7444,Schools & Offices,
Kent Ridge Education,Eastpoint Mall,#06-05,6789 0440,Schools & Offices,
Kessler Home Furnishings,Causeway Point,#04-22,6894 3233,Furniture  Furnishings and Household,
KFC,Anchorpoint,#01-15/16,6474 0438,Food & Restaurants,M200726952
KFC,Causeway Point,#01-40,6893 5109,Food & Restaurants,M200726952
KFC,Eastpoint Mall,#01-02/03/K3,6443 7139,Food & Restaurants,M200726952
KFC,Valley Point,#01-18/19,6235 1842,Food & Restaurants,M200726952
KFC,YewTee Point,#01-19/20,6509 4394,Food & Restaurants,M200726952
KFC,Waterway Point,East Wing  #B2-08,6385 7823,Food & Restaurants,M200726952
Kiddy Palace,Causeway Point,#03-27/28,6894 2636,Children's Wear  Toys & Maternity,
Kiddy Palace,Northpoint City,North Wing,6754 8847,Children's Wear  Toys & Maternity,
Kiddy Palace,Waterway Point,West Wing  #02-11,6385 8911,Children's Wear  Toys & Maternity,
Kidz Party Store,Waterway Point,West Wing  #02-36,6388 3664,Gifts,
Killiney Kopitiam,Valley Point,#01-17,Not Available,Food & Restaurants,
Kimage,Northpoint City,North Wing  #03-25,6752 2700,Hair & Beauty,
Kinkang,Causeway Point,#03-K04,6894 2087,Pharmacy & Healthcare,
Kinohimitsu,Waterway Point,East Wing  #01-K20,N.A,Hair & Beauty,
Kipling,Changi City Point,#01-50,6444 7746,Leather Goods  Bags & Shoes,
Kis Store,China Square Central,18 Cross St #B1-01,6536 4426,Food & Restaurants,
Kit Tea Casa,Bedok Point,#02-24,Not Available,Food & Restaurants,
Kitchen+Ware,Waterway Point,West Wing  #B1-03,6385 9478,Furniture  Furnishings and Household,
Kiyo,Waterway Point,East Wing  #B1-39/40,6385 1856,Fashion Wear & Accessories,
Kiyo Shoes,Northpoint City,North Wing  #01-34,6482 1185,Leather Goods  Bags & Shoes,
Kleen Wash,YewTee Point,#B1-11,6509 4113,Services,
Koi CafÌÎå©,Changi City Point,#B1-18,6636 0347,Food & Restaurants,
Koi CafÌÎå©,Eastpoint Mall,#01-08,6443 5874,Food & Restaurants,
KOI Express,Waterway Point,West Wing  #B1-K2,6385 9396,Food & Restaurants,
Kopitiam,Changi City Point,#02-01/02,6636 1783,Food & Restaurants,
Kopitiam,Northpoint City,North Wing  #B2-12,6257 9139,Food & Restaurants,
Koufu,Anchorpoint,#B1-20/21,Not Available.,Food & Restaurants,
Koufu,YewTee Point,#B1-17/22,6509 4212,Food & Restaurants,
Kousei Foot Reflexology,Bedok Point,#B1-03/04,6442 3808,Services,
Kousei Foot Reflexology,YewTee Point,#01-15,6363 3808,Services,
Kumon Learning Centre,Anchorpoint,#B1-40,6479 9130,Schools & Offices,
Kura Osaka Ohsho,Eastpoint Mall,#02-04,6636 4552,Food & Restaurants,
Kuriya Japanese Market,Causeway Point,#B1-17,6893 3231,Food & Restaurants,
Kuriya Japanese Market,Waterway Point,East Wing  #B1-20,6385 8347,Food & Restaurants,
Kyoaji Japanese Dining,The Centrepoint,#04-17/18,6694 4068 <br> 6694 3058,Food & Restaurants,
La Trendz,Anchorpoint,#01-20,N.A.,Fashion Wear & Accessories,
Lacoste Outlet,Changi City Point,#02-38/39,6636 1008,Fashion Wear & Accessories,
Ladyfinger,Bedok Point,#02-25,6241 2214,Hair & Beauty,
Lalu,The Centrepoint,#03-11,6836 8318,Fashion Wear & Accessories,
Lampe Berger Paris,Waterway Point,East Wing  #01-K18,6909 2209,Furniture  Furnishings and Household,
Laneige,Waterway Point,East Wing  #01-54,6385 8793,Hair & Beauty,
Lao Ma Yong Tau Foo,Eastpoint Mall,#01-09,N.A,Food & Restaurants,
Laundry Inn,China Square Central,18 Cross St #B1-02,6438 3872,Services,
Le Petit Pumm,The Centrepoint,#03-05,6734 5625,Children's Wear  Toys & Maternity,
Le Showplace,Anchorpoint,#B1-33,6471 8161,Furniture  Furnishings and Household,
Leading Education Centre,Robertson Walk,#02-09/11,6836 3927,Schools & Offices,
Learning Point,Eastpoint Mall,#06-08,6636 0892,Schools & Offices,
Lee Hwa Jewellery,Causeway Point,#01-06,6893 1657,Jewellery & Watches,
Lenovo,Causeway Point,#04-21,6767 0352,Electrical  Electronic  Camera & Telecommunication,
Les Parfum,Changi City Point,#B1-43,Not Available,Hair & Beauty,
Let's Eat,The Centrepoint,#B2 -04/05,N.A,Food & Restaurants,
Levi's,Causeway Point,#01-02/03,6891 0453,Fashion Wear & Accessories,
Levi's,Northpoint City,North Wing  #01-33,6484 3501,Fashion Wear & Accessories,
Lian Peng Bak Kut Teh,Changi City Point,#01-28,6538 4366,Food & Restaurants,
LiHO,Anchorpoint,#‰Û¡ÌÝ_B1‰Û¡ÌÝÌâ-47,6474 1927,Food & Restaurants,
LiHO,Causeway Point,#B1-K01A,6760 3379,Food & Restaurants,
LiHO,Changi City Point,#B1-41,6604 8489,Food & Restaurants,
LiHO,Eastpoint Mall,#01-K1,6636 0893,Food & Restaurants,
LiHO,Northpoint City,North Wing  #01-17,6257 2958,Food & Restaurants,
LiHO,The Centrepoint,#B1-K2,6694 4214,Food & Restaurants,
LiHO,YewTee Point,#01-49/50,6763 0064,Food & Restaurants,
LiHO,Waterway Point,East Wing  #B2-K10,6385 2064,Food & Restaurants,
Lili Beauty,YewTee Point,#01-34,6465 5330,Hair & Beauty,
Linen Gallery,Changi City Point,#01-48,N.A,Furniture  Furnishings and Household,
Liquid Skin,Changi City Point,#02-05,6444 2429,Hair & Beauty,
Little Farms,Valley Point,#01-20,6262 0619,Food & Restaurants,
Little Planet Playland,The Centrepoint,#02-21/21A,6268 6595,Amusement/Entertainment,
llaollao,Causeway Point,#B1-K28,Not Available,Food & Restaurants,
llaollao,Changi City Point,#01-42,Not Available.,Food & Restaurants,
llaollao,Waterway Point,West Wing  #01-63,Not Available,Food & Restaurants,
LOCO LOCO,Northpoint City,North Wing  #B1-41,N.A,Food & Restaurants,
London Fat Duck,Waterway Point,West Wing  #01-23,6385 9557,Food & Restaurants,
London Weight Management,YewTee Point,#01-16,6465 1234,Hair & Beauty,
Long John Silver's,Bedok Point,#01-02/03,N.A,Food & Restaurants,
Long John Silver's,Eastpoint Mall,#01-32,6636 3195,Food & Restaurants,
Long John Silver's,Northpoint City,North Wing  #01-14,6754 7710,Food & Restaurants,
Long John Silver's,YewTee Point,#01-36/38/39,6219 9607,Food & Restaurants,
Lotus Sleep Studio,The Centrepoint,#04-03/03A,6835 2268,Furniture  Furnishings and Household,
Love & Co,Causeway Point,#01-29,6892 8633,Jewellery & Watches,
Love Link Jewellery,Eastpoint Mall,#01-K10,6781 1738,Jewellery & Watches,
Lovisa,Causeway Point,#01-09,6219 5839,Fashion Wear & Accessories,
Lovisa,Waterway Point,East Wing  #01-49,6385 9260,Fashion Wear & Accessories,
Lovistyle,Causeway Point,#02-26,6891 1023,Fashion Wear & Accessories,
Lucca‰Û¡ÌÝå»s Trattoria,Robertson Walk,#01-12,6235 4049,Food & Restaurants,
Lucieo Tokyo,Robertson Walk,#01-32,9780 8294,Hair & Beauty,
Luminous Dental Clinic,Bedok Point,#03-27,6481 1618,Pharmacy & Healthcare,
Luminous Light Spa,The Centrepoint,#06-11,6734 7906,Hair & Beauty,
Lush Addiction,Causeway Point,#05-K01,Not Available,Jewellery & Watches,
Luxe Scalp Specialist,YewTee Point,#01-24,6509 1911,Hair & Beauty,
Luxebags,Causeway Point,#04-K4/K5,6760 0634,Leather Goods  Bags & Shoes,
M1,Causeway Point,#03-01,1627,Electrical  Electronic  Camera & Telecommunication,
M1,Changi City Point,#02-49,1627,Electrical  Electronic  Camera & Telecommunication,
M1,Waterway Point,East Wing  #B1-25,1627,Electrical  Electronic  Camera & Telecommunication,
M1 Exclusive Distributor,Eastpoint Mall,#B1-07,6443 0452,Electrical  Electronic  Camera & Telecommunication,
M1 Exclusive Distributor (Arrow Communication),Northpoint City,North Wing  #B1-27,6484 3177,Electrical  Electronic  Camera & Telecommunication,
M1 Exclusive Distributor (Telecoms Link),Causeway Point,#03-K11,6893 2719,Electrical  Electronic  Camera & Telecommunication,
M23,Waterway Point,East Wing  #B1-36,6386 2823,Fashion Wear & Accessories,
Ma Kuang TCM Medical Centre,Eastpoint Mall,#03-14,6782 7796,Pharmacy & Healthcare,
Ma Maison,Anchorpoint,#01-12,6479 1670,Food & Restaurants,
Madera De Mango,Causeway Point,#04-K06,6891 0538,Furniture  Furnishings and Household,
Magic Wand,The Centrepoint,#02-30A,N.A,Gifts,
Mak's Noodle,The Centrepoint,#01-63/64,6235 5778,Food & Restaurants,
Malaysia Chiak!,The Centrepoint,#B2-07/08,N.A,Food & Restaurants,
Man Studio,Northpoint City,North Wing  #01-22,6257 3382,Fashion Wear & Accessories,
Marble Slab Creamery,Causeway Point,#B1-22,6891 2346,Food & Restaurants,
Marble Slab Creamery,Changi City Point,#02-40,6636 1841,Food & Restaurants,
Master Wang La Mian Xiao Long Bao,Northpoint City,North Wing  #B1-51,N.A,Food & Restaurants,
Masterpiece Jewellery,The Centrepoint,#01-K3,6262 6178,Jewellery & Watches,
Matsuri,Causeway Point,#B1-K01A,Not Available,Food & Restaurants,
Max Coil,Eastpoint Mall,#03-07,6702 0430,Furniture  Furnishings and Household,
Max Photo,The Centrepoint,#03-10,6733 3848,Electrical  Electronic  Camera & Telecommunication,
Maxi-Cash,Northpoint City,North Wing,6758 0911,Services,
Maxi-Cash,Waterway Point,West Wing  #B1-08,6385 7930,Services,
Maxi-Cash LuxeSTYLE,Causeway Point,#01-K02/03,6760 1437,Services,
Maybank,Northpoint City,North Wing  #01-16,1800-629-2265,Bank & Money Changer,
Maybank,Waterway Point,West Wing  #01-12,1800-629 2265 (MAYBANK),Bank & Money Changer,
Mayer Marketing,Causeway Point,#03-13,6767 1017,Furniture  Furnishings and Household,
McDonald's,Causeway Point,#01-35/36/37,6894 1461,Food & Restaurants,M200239814
McDonald's,Changi City Point,#01-10/11,6636 0681,Food & Restaurants,M200239814
McDonald's,Eastpoint Mall,#01-34,6702 0605,Food & Restaurants,M200239814
McDonald's,Northpoint City,North Wing,6754 6043,Food & Restaurants,M200239814
McDonald's,Waterway Point,West Wing  #B2-07 and #B2-K4,6385 7853,Food & Restaurants,M200239814
Meco Design,Eastpoint Mall,#03-K7,N.A,Fashion Wear & Accessories,
Medicuren Clinic,Changi City Point,#02-06,Nil,Pharmacy & Healthcare,
Melvados,Anchorpoint,#B1-13,6444 9351,Food & Restaurants,
Menya Mushashi Kinko,Waterway Point,East Wing  #01-24,6385 8195,Food & Restaurants,
Metalli,Changi City Point,#01-K3,6604 7803,Fashion Wear & Accessories,
Metalli,The Centrepoint,#01-19A,N.A,Fashion Wear & Accessories,
Metro,Causeway Point,#01-18/19,6893 3322,Department Stores,
Metro,The Centrepoint,#01-14 to 17/25/26,6788 3322,Department Stores,
Mi-O Gifts,YewTee Point,#01-12,6509 9959,Gifts,
Mi-O Gifts,Waterway Point,East Wing  #B1-33,Not Available,Fashion Wear & Accessories,
Miam Miam,Waterway Point,East Wing  #01-62,6385 8098,Food & Restaurants,
Mico,The Centrepoint,#02-17,6737 9108,Fashion Wear & Accessories,
Miko Concept,Eastpoint Mall,#02-19/20,N.A,Fashion Wear & Accessories,
Milan Boutique,The Centrepoint,#02-42,6732 7198,Fashion Wear & Accessories,
Milan Men's Boutique,The Centrepoint,#02-46/47,6736 0568,Fashion Wear & Accessories,
Milan Shoes,The Centrepoint,#02-43/44/45,6732 7198,Leather Goods  Bags & Shoes,
Milk & Honey,Northpoint City,North Wing  #01-06,Not Available.,Food & Restaurants,
Mimosa,Causeway Point,#02-32,6893 0392,Leather Goods  Bags & Shoes,
Mind Stretcher,Waterway Point,West Wing  #02-02,6386 0030 <br> 6386 0070,Schools & Offices,
Mind Stretcher Learning Centre,YewTee Point,#01-09/10,6465 0100 <br> 6465 0700,Schools & Offices,
MindChamps Reading & Writing,Eastpoint Mall,#06-04,6538 3113,Schools & Offices,
Mini Toons,Causeway Point,#03-21,6894 7483,Gifts,
Ministry of Food,The Centrepoint,#02-53/54,6734 5239,Food & Restaurants,
Ministry of Rojak,Northpoint City,North Wing,N.A,Food & Restaurants,
Minmed Clinic (Punggol),Waterway Point,West Wing  #02-15,6388 0123,Pharmacy & Healthcare,
Misato,The Centrepoint,#01-33E,6235 2822,Food & Restaurants,
Miss ST,China Square Central,18 Cross St #01-17,6327 8234,Fashion Wear & Accessories,
Mister Minit,Eastpoint Mall,#B1-K1,6336 1138,Services,
Mister Minit,Northpoint City,North Wing  #B1-08,6513 0059,Services,
Mister Minit,Waterway Point,East Wing  #B2-16B,Not Available,Services,
MM Ismail Money Changer,Northpoint City,North Wing  #B1-39,6755 8445,Bank & Money Changer,
Mmmm!,Anchorpoint,#B1-58,6473 8292,Food & Restaurants,
Mmmm!,Changi City Point,#B1-23,6604 9015,Food & Restaurants,
Moa Tiki New Zealand Bar & Grill,Changi City Point,#01-70/71,6636 3353,Food & Restaurants,
Mobile King,Changi City Point,#02-K7,Not Available,Electrical  Electronic  Camera & Telecommunication,
Mobile King,Eastpoint Mall,#02-K6,8322 5149,Electrical  Electronic  Camera & Telecommunication,
Mobile Stop,Waterway Point,East Wing  #B1-28,Not Available.,Electrical  Electronic  Camera & Telecommunication,
Monaliza,The Centrepoint,#02-20,6235 0950,Fashion Wear & Accessories,
Money Max,Causeway Point,#01-17,6894 3533,Services,
Money Max,Northpoint City,North Wing  #01-28,6755 7033,Services,
Montip,Causeway Point,#02-K04,6219 5224,Jewellery & Watches,
MOS Burger,Causeway Point,#01-13,6891 0588,Food & Restaurants,
MOS Burger,Northpoint City,North Wing  #01-19,6332 2066,Food & Restaurants,
Mos Burger,The Centrepoint,#B1-06,6694 3204,Food & Restaurants,
Mothercare,Causeway Point,#03-18,6513 3235,Children's Wear  Toys & Maternity,
Mouth Restaurant,China Square Central,22 Cross St,6534 5711,Food & Restaurants,
Mr Bean,Causeway Point,#01-K06,6465 5986,Food & Restaurants,
Mr Bean,Changi City Point,#B1-21,6636 1290,Food & Restaurants,
Mr Bean,Eastpoint Mall,#01-05,6443 2247,Food & Restaurants,
Mr Bean,Northpoint City,North Wing  #01-05,6481 9164,Food & Restaurants,
Mr Bean,YewTee Point,#01-52/53,6509 4676,Food & Restaurants,
Mr Bean,Waterway Point,West Wing  #01-K1,6844 2298,Food & Restaurants,
Mr Coconut,Northpoint City,North Wing  #B1-42,N.A,Food & Restaurants,
Mr Eyewear,China Square Central,18 Cross St #01-21,6536 5711,Optical,
Mr Teh Tarik Express,Northpoint City,North Wing  #01-03,N.A,Food & Restaurants,
Mugii,Northpoint City,North Wing,Not Available.,Food & Restaurants,
Musee Platinum Tokyo,Bedok Point,#03-17/18,6804 6500,Hair & Beauty,
Musee Platinum Tokyo,The Centrepoint,#03-20,6804 6500,Hair & Beauty,
MW Clinic & Mobileaid,China Square Central,18 Cross St #02-09 &amp; 02-23,6220 0622,Pharmacy & Healthcare,
My Briyani House,YewTee Point,#01-18,Not Available,Food & Restaurants,
My Daily Juice,China Square Central,18 Cross St #01-03,Not Available,Food & Restaurants,
My First Skool,Eastpoint Mall,#06-06,Not Available,Schools & Offices,
My First Skool,Waterway Point,West Wing  #02-12,6509 7887,Schools & Offices,
My Kiddos,The Centrepoint,#03-01,6733 9012,Children's Wear  Toys & Maternity,
Nail Ingenuity,China Square Central,18 Cross St #01-11,6224 5576,Hair & Beauty,
Nail Palace,Eastpoint Mall,#02-17,6789 7672,Hair & Beauty,
Nail Palace,YewTee Point,#01-33,6762 8780,Hair & Beauty,
Nail Vibe,China Square Central,18 Cross St #02-27,6225 5861,Hair & Beauty,
Nailz Gallery,Causeway Point,#04-09,6760 0090,Hair & Beauty,
Nam Kee Pau,Eastpoint Mall,#01-06,N.A,Food & Restaurants,
Nam Kee Pau,Northpoint City,North Wing  #B1-18,N.A,Food & Restaurants,
Nam Kee Pau,The Centrepoint,#B2-03/06,Not Available.,Food & Restaurants,
Nam Kee Pau,Valley Point,#01-08,Not Available.,Food & Restaurants,
Nanyang Optical,Causeway Point,#B1-04,6894 2641,Optical,
Nanyang Optical,Eastpoint Mall,#02-22,6786 6968,Optical,
Natural Project,Waterway Point,East Wing  #B1-38,Not Available.,Fashion Wear & Accessories,
Nature by M.D.M.,Causeway Point,#04-K08,6891 0538,Furniture  Furnishings and Household,
Nature's Farm,Causeway Point,#B1-K26,6877 0884,Pharmacy & Healthcare,
Nature's Farm,Waterway Point,East Wing  #B2-21,6702 6175,Pharmacy & Healthcare,
Natureland Massage & Therapy,Robertson Walk,#01-08/09,6733 6780,Hair & Beauty,
Natureland Massage & Therapy,Valley Point,#02-01,6338 6780,Hair & Beauty,
NB Natural Beauty,Anchorpoint,#B1-16,6479 5308,Hair & Beauty,
Nesture Bird's Nest,Valley Point,#01-13,6821 1771,Food & Restaurants,
NEUGLOW The Aesthetics Doctors,The Centrepoint,#06-12,6536 3636,Hair & Beauty,
New Balance,Changi City Point,#01-09,6604 6905,Sports & Leisure,
New Town CafÌÎå©,China Square Central,20 Cross St,Not Available,Food & Restaurants,
Newscrest Exchange Moneychanger,The Centrepoint,#B1-21,6736 1977,Bank & Money Changer,
Nike Factory Store,Changi City Point,#02-31/32/33/34,6636 0901,Sports & Leisure,
Nine Fresh Desserts Taiwan,YewTee Point,#B1-42,Not Available,Food & Restaurants,
NK Hairworks,Anchorpoint,#B1-22,6476 6638,Hair & Beauty,
Noodle Panda,Bedok Point,#03-35/37,6242 0988,Food & Restaurants,
Nora Loft,Valley Point,#01-25,Not Available.,Jewellery & Watches,
NTUC FairPrice,Eastpoint Mall,#05-01,6786 0985,Supermarket,M400045780
NTUC FairPrice,YewTee Point,#B1-01/07,6763 9011 <br> 6763 6891,Supermarket,M400045780
NTUC Income Insurance,Eastpoint Mall,#04-01/02/K7,Not Available,Services,
nÌÎ_box,Causeway Point,#01-01,6767 0351,Electrical  Electronic  Camera & Telecommunication,
nÌÎ_box,Waterway Point,West Wing  #01-08,6581 9036,Electrical  Electronic  Camera & Telecommunication,
O Mamma Mia,Causeway Point,#01-K04,6733 2500,Food & Restaurants,
O Mamma Mia,Changi City Point,#01-42,N.A,Food & Restaurants,
Oasis by M.d.M,Causeway Point,#04-K03,6891 3489,Furniture  Furnishings and Household,
Oasis Wet Cleaning,Anchorpoint,#B1-43,6479 7093,Services,
OCBC Bank,Causeway Point,#01-16,1800 363 3333,Bank & Money Changer,
OCBC Bank,Northpoint City,North Wing  #B1-36,1800 363 3333,Bank & Money Changer,
OCBC Bank,Waterway Point,West Wing  #01-13,1800 363 3333,Bank & Money Changer,
Ogawa,Causeway Point,#02-K09/K011,6760 3662,Pharmacy & Healthcare,
Oh Cha Cha,Northpoint City,North Wing  #01-01,N.A,Food & Restaurants,
Ohana Poke,Changi City Point,#01-20,6538 3083,Food & Restaurants,
OKG Express,Eastpoint Mall,#B1-11,Not Available,Food & Restaurants,
Old Chang Kee,Bedok Point,#01-K1,6241 2419,Food & Restaurants,
Old Chang Kee,Causeway Point,#01-K11,6893 1451,Food & Restaurants,
Old Chang Kee,Changi City Point,#B1-K2,6636 3216,Food & Restaurants,
Old Chang Kee,Northpoint City,North Wing  #01-04,6482 5465,Food & Restaurants,
Old Chang Kee,YewTee Point,#01-37,6465 1405,Food & Restaurants,
Old Chang Kee,Waterway Point,East Wing  #01-K2,6385 2070,Food & Restaurants,
Ollie Kitchen & Bar,The Centrepoint,#01-33M,6734 8078,Food & Restaurants,
One Ice CafÌÎå©,Waterway Point,West Wing  #01-K16,Not Available,Food & Restaurants,
OneDoctors Family Clinic,Waterway Point,West Wing  #02-17,6385 8018,Pharmacy & Healthcare,
Ong Radio,The Centrepoint,#03-41,6738 0138,Electrical  Electronic  Camera & Telecommunication,
Ootoya,Changi City Point,#01-30/31,6636 1228,Food & Restaurants,
Oppo,Causeway Point,#03-26A,6893 7436,Electrical  Electronic  Camera & Telecommunication,
Optical 88,Northpoint City,North Wing  #B1-30,6759 4820,Optical,
Optics Premier,The Centrepoint,#03-13,6733 1919,Optical,
Order Made,Eastpoint Mall,#02-40,6260 3198,Fashion Wear & Accessories,
Oriental Hair Solutions,Causeway Point,#04-14,6894 1800,Hair & Beauty,
Origins,The Centrepoint,#01-09/10/11,6262 0902,Hair & Beauty,
Orihara Liquor Shop & Bar,Robertson Walk,#01-02,6836 5710 <br> 6836 5720,Food & Restaurants,
Osaka Ohsho,Waterway Point,West Wing  #B1-14,6385 8719,Food & Restaurants,
OSIM,Causeway Point,#B1-37,6893 8027,Pharmacy & Healthcare,
OSIM,Waterway Point,East Wing  #B2-23,6385 8316,Pharmacy & Healthcare,
Osmose,Waterway Point,East Wing  #B1-36,N.A,Fashion Wear & Accessories,
OWNDAYS,Waterway Point,East Wing  #01-58/59/60,6385 8175,Optical,
Papparich,Waterway Point,East Wing  #B1-17,6386 3323,Food & Restaurants,
Paradise Classic,Bedok Point,#02-01/04,6447 8083,Food & Restaurants,
Paradise Classic,Eastpoint Mall,#02-06,6538 4066,Food & Restaurants,
Paradise Dynasty,Causeway Point,#05-16/18,6894 6322,Food & Restaurants,
Past Time Collectable,China Square Central,18 Cross St #02-22,9765 9344,Toys & Collectibles,
Pastamania,Causeway Point,#B1-20,6891 1349,Food & Restaurants,
Pastamania,Northpoint City,North Wing,6755 0843,Food & Restaurants,
Pedal Works,Eastpoint Mall,#02-41,6785 9088,Leather Goods  Bags & Shoes,
Pedro Outlet,Anchorpoint,#01-29,6472 6963,Leather Goods  Bags & Shoes,
Penang Culture,Causeway Point,#05-13,6802 0456,Food & Restaurants,
Peniwern,Eastpoint Mall,#02-19/20,Not Available,Fashion Wear & Accessories,
Peony Sense,Changi City Point,#B1-06,N.A,Food & Restaurants,
People Impact,Eastpoint Mall,#03-01/02,Not Available.,Schools & Offices Services,
Pet Lovers Centre,Anchorpoint,#B1-26/27,6479 3108,Services,
Pet Lovers Centre,Bedok Point,#B1-10/13,6241 0686,Services,
Pet Lovers Centre,Northpoint City,North Wing  #03-16,6755 1655,Services,
Pet Lovers Centre,The Centrepoint,#02-27,6734 6698,Services,
Pet Lovers Centre,Valley Point,#01-14A,6836 7721,Services,
Pets Kampong,YewTee Point,#01-01,6509 3500,Services,
Pets' Station,Causeway Point,#B1-42/43,6891 3547,Services,
Pezzo,Eastpoint Mall,#01-04,6786 1918,Food & Restaurants,
Pezzo,YewTee Point,#B1-32,Not Available,Food & Restaurants,
Pezzo,Waterway Point,West Wing  #B2-K8,6385 6088,Food & Restaurants,
Phiten,Causeway Point,#03-K02,6893 1663,Pharmacy & Healthcare,
Pho Street,The Centrepoint,#B1-14,N.A,Food & Restaurants,
Photopress,Causeway Point,#B1-44,6894 3824,Services,
Pictureland,Waterway Point,West Wing  #B1-K21A,6385 9237,Services,
Pierre Cardin,Causeway Point,#02-18,6904 4705,Fashion Wear & Accessories,
Pierre Cardin,Changi City Point,#01-13,6904 4758,Fashion Wear & Accessories,
Pies & Coffee,Robertson Walk,#01-25,6733 9272,Food & Restaurants,
PINC,Causeway Point,#B1-11,6891 1707,Hair & Beauty,
PINC,Northpoint City,North Wing  #03-33,6481 3141,Hair & Beauty,
Pizza 101,China Square Central,18 Cross St #01-18,N.A,Food & Restaurants,
Pizza Hut,Causeway Point,#B1-25,6891 1810,Food & Restaurants,
Pizza Hut,Eastpoint Mall,#02-03,6604 9213,Food & Restaurants,
Pizza Hut,Northpoint City,North Wing  #B1-37,6482 5308,Food & Restaurants,
Pizza Hut,Waterway Point,West Wing  #B1-11,6385 9027,Food & Restaurants,
Plains & Prints,Anchorpoint,#01-22,Not Available,Fashion Wear & Accessories,
PLAY-e,Northpoint City,North Wing  #03-08,6257 4301,Amusement/Entertainment,
PLAY-e,Waterway Point,East Wing  #B2-13,6385 7891,Amusement/Entertainment,
Play2Learn,Changi City Point,#02-25,6604 7989,Children's Wear  Toys & Maternity,
Plush Beauty,Eastpoint Mall,#02-10,6241 6996,Hair & Beauty,
Poh Heng Jewellery,Causeway Point,#01-05,6893 7333,Jewellery & Watches,
Poh Heng Jewellery,Northpoint City,North Wing  #01-23,6756 2691 <br> 6756 2692,Jewellery & Watches,
Poh Kim DVD Blu-Ray,Northpoint City,North Wing  #B2-16,N.A,Music & Audio Visual,
Polar Puffs & Cakes,Causeway Point,#B1-K07,6893 7930,Food & Restaurants,
Polar Puffs & Cakes,Northpoint City,North Wing  #B1-11,6753 7787,Food & Restaurants,
Polar Puffs & Cakes,Waterway Point,East Wing  #01-K4,6384 6039,Food & Restaurants,
Polish The Nails Room,Waterway Point,East Wing  #01-41,6385 8852,Hair & Beauty,
Pondok Kartika,Changi City Point,#01-44,6604 7467,Food & Restaurants,
POPULAR Bookstore,Causeway Point,#03-29/30,6767 1250,Books & Stationery,MR8500027X
POPULAR Bookstore,Eastpoint Mall,#03-23,6538 0810,Books & Stationery,MR8500027X
POPULAR Bookstore,Northpoint City,North Wing  #03-12,6852 2100,Books & Stationery,MR8500027X
POSB ATM,Causeway Point,#B1-45,1800 339 6666,Services,
POSB Bank,Eastpoint Mall,#01-24/25/29,1800 339 6666,Bank & Money Changer,
POSB Bank,The Centrepoint,#01-27,1800 339 6666,Bank & Money Changer,
POSB Bank,Waterway Point,West Wing  #01-15,1800 339 6666,Bank & Money Changer,
Power 9,Causeway Point,#04-28,6893 2100,Fashion Wear & Accessories,
Power CafÌÎå©,YewTee Point,#B1-49,6314 4118,Food & Restaurants,
Prata Wala,Northpoint City,North Wing  #B1-57,N.A,Food & Restaurants,
Precious Thots,Causeway Point,#03-20,6893 7736,Gifts,
PrimaDÌÎå©li,Causeway Point,#B1-K23,6219 5648,Food & Restaurants,
PrimaDÌÎå©li,Eastpoint Mall,#B1-K4,6702 0013,Food & Restaurants,
PrimaDÌÎå©li,Northpoint City,North Wing  #B1-40,6753 2132,Food & Restaurants,
PrimaDÌÎå©li,YewTee Point,#B1-44,6875 0163,Food & Restaurants,
Prime Life,Robertson Walk,#02-18/19,6733 1819,Pharmacy & Healthcare,
Princess Jewellery,Eastpoint Mall,#02-21,6260 0266,Jewellery & Watches,
PriviKids,Waterway Point,West Wing  #02-32,6385 9822,Children's Wear  Toys & Maternity,
Pro Trim (V) Hair Studio,Causeway Point,#04-17/18,6894 1386,Hair & Beauty,
Professional Hair Studio,Eastpoint Mall,#03-17,6789 4393,Hair & Beauty,
Proofer Bakery & Pizzeria,Changi City Point,#B1-39,66360366,Food & Restaurants,
PSLEMath Learning Centre,Bedok Point,#03-22,6384 9938,Schools & Offices,
Puma Outlet,Changi City Point,#01-02/03,6733 6833,Sports & Leisure,
Punggol Exchange,Waterway Point,East Wing  #B2-16A,6343 8065,Bank & Money Changer,
Punkstar,Northpoint City,North Wing  #03-20,6752 1205,Fashion Wear & Accessories,
Purpur,Causeway Point,#02-27,6893 5676,Fashion Wear & Accessories,
Putien,Northpoint City,North Wing,N.A,Food & Restaurants,
Q&M Dental Centre,The Centrepoint,#03-16/19,6732 2633,Pharmacy & Healthcare,
Q&M Dental Surgery,YewTee Point,#01-32,6794 5263,Services,
QB House,Causeway Point,#B1-01,Not Available,Hair & Beauty,
QB House,Eastpoint Mall,#03-09,Not Available,Hair & Beauty,
QB House,YewTee Point,#B1-10,6323 2144,Hair & Beauty,
QB House Kids,Waterway Point,West Wing  #02-16,6323 2144,Hair & Beauty,
Qi Ji,Eastpoint Mall,#01-28,Not Available.,Food & Restaurants,
Quality Home Appliances,The Centrepoint,#05-02,6339 1921,Furniture  Furnishings and Household,
Quiksilver / Roxy / DC Outlet,Changi City Point,#01-07,6636 4095,Fashion Wear & Accessories,
Qureshi's Carpets,The Centrepoint,#05-12,6235 1523,Furniture  Furnishings and Household,
R Pure Earth,The Centrepoint,#02-48,6733 6752,Fashion Wear & Accessories,
Raffles Dental,Causeway Point,#05-01A,6891 0255,Pharmacy & Healthcare,
Raffles Medical,Anchorpoint,#B1-41,6479 3818,Pharmacy & Healthcare,
Raffles Medical,Causeway Point,#05-20,6894 0777,Pharmacy & Healthcare,
Raffles Medical,Changi City Point,#B1-55/56,6636 1251,Pharmacy & Healthcare,
Raffles Medical,Eastpoint Mall,#02-27,6636 1458,Pharmacy & Healthcare,
Raffles Medical,YewTee Point,#01-02,6634 3132,Pharmacy & Healthcare,
Raffles Medical,Waterway Point,West Wing  #02-29,6384 5655,Pharmacy & Healthcare,
Rays Salon,China Square Central,18 Cross St #01-14,6327 8807,Hair & Beauty,
Real Yoga,The Centrepoint,#06-06/07,6734 2853,Sports & Leisure,
Refresh Bodyworks,Changi City Point,#B1-04,6636 1468,Services,
Remax,Causeway Point,#04-K01/K02,N.A,Electrical  Electronic  Camera & Telecommunication,
Remax,Waterway Point,West Wing  #B1-K21B/C,N.A,Electrical  Electronic  Camera & Telecommunication,
Richgi,Anchorpoint,#01-36,Not Available,Children's Wear  Toys & Maternity,
Ritz Apple Strudel & Pastry,Causeway Point,#B1-K06,6891 1973,Food & Restaurants,
Robert Piano,The Centrepoint,#04-01,6737 4667 <br> 6732 2969,Music & Audio Visual,
Robinson Exchange,China Square Central,18 Cross St #01-19,6222 2456,Bank & Money Changer,
Rong Hua Bak Kut Teh,Waterway Point,East Wing  #B1-23,6385 8765,Food & Restaurants,
Roost,The Centrepoint,#B1-17/18/19,N.A,Food & Restaurants,
Royal Sporting House,Causeway Point,#02-02,6894 7234,Sports & Leisure,
Royal Sporting House,Northpoint City,North Wing  #02-39,6752 2956,Sports & Leisure,
Royal Sporting House Outlet,Changi City Point,#02-38/39,6636 1003,Sports & Leisure,
Rubi Shoes,Causeway Point,#02-29,6219 5278,Leather Goods  Bags & Shoes,
Rubi Shoes,Northpoint City,North Wing,6257 0736,Leather Goods  Bags & Shoes,
Saizeriya,Bedok Point,#02-07/09,6481 2257,Food & Restaurants,
Saizeriya,Eastpoint Mall,#03-04,6604 8630,Food & Restaurants,
Sakae Sushi,Eastpoint Mall,#01-20,6443 0207,Food & Restaurants,
Sakana,Waterway Point,East Wing  #01-25,6386 0602,Food & Restaurants,
Sakura,Eastpoint Mall,#03-05,N.A,Food & Restaurants,
Salad Chef,Changi City Point,#B1-51,N.A,Food & Restaurants,
Samsonite Factory Outlet/ Amercian Tourister Factory Outlet,Changi City Point,#02-19,6636 0235,Sports & Leisure,
Samsung Experience Store,Causeway Point,#03-12,6891 1011,Electrical  Electronic  Camera & Telecommunication,
Sans & Sans,The Centrepoint,#02-04A/05/06,6733 7880,Fashion Wear & Accessories,
Sasa,Causeway Point,#01-33,6894 2566,Hair & Beauty,
Sasa,Waterway Point,East Wing  #01-52,6385 9304,Hair & Beauty,
Savco,Causeway Point,#04-K07,6766 8482,Furniture  Furnishings and Household,
Schon Collection,YewTee Point,#01-21,6465 5485,Books & Stationery,
Sciencewerks by Stalford,Waterway Point,West Wing  #02-04/05,6543 3233,Schools & Offices,
SD Perfume,Causeway Point,#05-K02,Not Available,Hair & Beauty,
Sea Horse,Causeway Point,#04-12,6622 1039,Furniture  Furnishings and Household,
Secret Chamber,Causeway Point,#04-27,6891 2581,Gifts,
Seimpi Education,The Centrepoint,#03-26,6737 6731,Schools & Offices,
Selffix DIY,The Centrepoint,#03-42,6735 6274,Furniture  Furnishings and Household,
Seoul Garden Hotpot,Northpoint City,North Wing,6257 5339,Food & Restaurants,
Seoul Yummy,Causeway Point,#05-13,6219 5008,Food & Restaurants,
SF Fruits & Juices,Causeway Point,#B1-K18,6891 2830,Food & Restaurants,
SF Fruits & Juices,Changi City Point,#B1-38,6636 0196,Food & Restaurants,
SF Fruits & Juices,Northpoint City,North Wing  #B1-15,N.A,Food & Restaurants,
SF Fruits & Juices,YewTee Point,#B1-46,6314 4303,Food & Restaurants,
SF Fruits & Juices,Waterway Point,East Wing  #B2-K9,6385 8919,Food & Restaurants,
Shabu Sai,Causeway Point,#05-14/15,6462 1557,Food & Restaurants,
Shabu Sai,Changi City Point,#B1-28/29,64449569,Food & Restaurants,
Shabu Sai,Eastpoint Mall,#03-06,6636 3121,Food & Restaurants,
Shakura Pigmentation Beauty,YewTee Point,#01-26/27,6634 1212,Hair & Beauty,
Shan Cha,China Square Central,22 Cross St #01-63,N.A,Food & Restaurants,
Share Tea,Northpoint City,North Wing  #B1-12,N.A,Food & Restaurants,
Shaw Theatres,Waterway Point,East Wing  #B2-11,6385 8283,Amusement/Entertainment,
Shen Xi Lao Huo Tang,Waterway Point,East Wing  #B1-22,6386 0830,Food & Restaurants,
Shihlin Taiwan Street Snacks,Northpoint City,North Wing  #B1-44,Not Available.,Food & Restaurants,
Shihlin Taiwan Street Snacks,Waterway Point,West Wing  #B2-K3,6100&nbsp;1218,Food & Restaurants,
Shirokane Tori-Tama Yakitori,Robertson Walk,#01-02,6836 5680,Food & Restaurants,
Sho-Kii Junction,Causeway Point,#B1-05,6891 2747,Services,
Short-Q,The Centrepoint,#01-57,N.A,Services,
Shugar Spa,Waterway Point,East Wing  #01-36,6385 7644,Hair & Beauty,
Siam Kitchen,Eastpoint Mall,#02-05,6785 5722,Food & Restaurants,
Sinchong Meheco,YewTee Point,#01-40/41,6834 4328,Pharmacy & Healthcare,
Singapore Repertory Theatre,Robertson Walk,#02-08,6733 8166,Services,
Singapore River Arts Centre,Eastpoint Mall,#03-K3,N.A,Sports & Leisure,
Singtel Exclusive Retailer (G-Force),Causeway Point,#03-K09,6894 2272,Electrical  Electronic  Camera & Telecommunication,
Singtel Exclusive Retailer (Jim Communications and Electronics),Eastpoint Mall,#B1-05,6784 3911,Electrical  Electronic  Camera & Telecommunication,
Singtel Exclusive Retailer (Novel Communication),Northpoint City,North Wing  #B1-35,6756 0060,Electrical  Electronic  Camera & Telecommunication,
Singtel Exclusive Retailer (On Line Mobile),Changi City Point,#02-27,6636 1819,Electrical  Electronic  Camera & Telecommunication,
Singtel Fibre TV & Home Solutions,Waterway Point,West Wing  #01-K15,Not Available,Electrical  Electronic  Camera & Telecommunication,
Singtel Shop,Causeway Point,#03-03/05,1688,Electrical  Electronic  Camera & Telecommunication,
Singtel Shop,Waterway Point,East Wing  #B1-30,1688,Electrical  Electronic  Camera & Telecommunication,
Sizzers Hairdressing,Causeway Point,#04-08,Not Available.,Hair & Beauty,
SK Gold,Northpoint City,North Wing  #01-27,6759 2733,Jewellery & Watches,
SK Jewellery,Causeway Point,#01-K01,6893 7533,Jewellery & Watches,
SK Jewellery,Waterway Point,East Wing  #01-48,6385 9633,Jewellery & Watches,
Skechers,Causeway Point,#01-30,6893 3901,Sports & Leisure,
Skechers,Waterway Point,West Wing  #01-10,6385 8155,Sports & Leisure,
Skechers Outlet,Anchorpoint,#01-17/18,6250 8300,Sports & Leisure,
Skechers Outlet,Changi City Point,#02-42,6636 1078,Sports & Leisure,
SKN MediAesthetics,The Centrepoint,#03-21/22,6732 7658,Hair & Beauty,
SKP,Eastpoint Mall,#03-08,6694 8020,Furniture  Furnishings and Household,
Slim Couture,China Square Central,18 Cross St #02-06,65368596,Hair & Beauty,
Smiggle,Northpoint City,North Wing  #02-13,6852 9340,Books & Stationery,
Smile Doctor Dentalcare @ Punggol Waterway,Waterway Point,West Wing  #02-14,6386 7880,Pharmacy & Healthcare,
Snackz It!,Causeway Point,#B1-K09,Not Available.,Food & Restaurants,
Snackz It!,Changi City Point,#B1-40,Not Available.,Food & Restaurants,
So Pho,Waterway Point,East Wing  #01-28,6385 8378,Food & Restaurants,
Social Square,Waterway Point,East Wing  #01-26,6385 9142,Food & Restaurants,
Sod CafÌÎå©,YewTee Point,#B1-43,6464 7756,Food & Restaurants,
Solecase,Causeway Point,#02-01,6767 0916,Leather Goods  Bags & Shoes,
Solemat Orthortics,Causeway Point,#03-K03,6255 5973,Services,
Song Fa Bak Kut Teh,Northpoint City,North Wing  #B1-48,6257 8616,Food & Restaurants,
Song Fa Bak Kut Teh,The Centrepoint,#02-29/30,6734 8498,Food & Restaurants,
SOOKEE JEWELLERY,Causeway Point,#01-29,6892 8633,Jewellery & Watches,
Sorella,Eastpoint Mall,#02-39,Not Available,Fashion Wear & Accessories,
Sorella,Waterway Point,East Wing  #01-44,6385 7955,Fashion Wear & Accessories,
Soul Green,Eastpoint Mall,#01-16,6538 9938,Food & Restaurants,
Souper Tang,The Centrepoint,#02-52 &amp; #02-K01,6737 6772,Food & Restaurants,
Souperstar,Eastpoint Mall,#B1-K6,Not Available,Food & Restaurants,
Southaven,The Centrepoint,#02-36/37/38/39,6732 5288,Fashion Wear & Accessories,
Spectacle Hut,Northpoint City,North Wing  #B1-32,6753 7717,Optical,
Spectacle Hut,Waterway Point,East Wing  #B1-34,Not Available.,Optical,
SPH Buzz,The Centrepoint,#B2-K1,N.A,Services,
Sportslink,Causeway Point,#03-02,6462 6154,Sports & Leisure,
Sportslink,Eastpoint Mall,#03-25,6260 6261,Sports & Leisure,
Sportslink,Northpoint City,North Wing  #02-37,6756 9019,Sports & Leisure,
Sportslink,Waterway Point,West Wing  #B1-06/07,6585 5149,Sports & Leisure,
Ssik Sin,Bedok Point,#02-10/14,6241 4478,Food & Restaurants,
Stalford Learning Centre,Bedok Point,#03-12/13/14/15/16,6245 3233,Schools & Offices,
Stalford Learning Centre,Eastpoint Mall,#03-03,N.A,Schools & Offices,
Stalford Learning Centre,Northpoint City,North Wing  #02-29,6481 3233,Schools & Offices,
Stalford Learning Centre,YewTee Point,#01-30,6465 3233,Schools & Offices,
Standard Photo,Causeway Point,#B1-07,6893 8801,Services,
Starbucks,Anchorpoint,#01-05/06,6473 4200,Food & Restaurants,
Starbucks,Bedok Point,#01-09/K2-K4,6242 2904,Food & Restaurants,
Starbucks,Changi City Point,#01-25,6636 1956,Food & Restaurants,
Starbucks,Eastpoint Mall,#01-K4/K5/K6,6443 9692,Food & Restaurants,
Starbucks,Northpoint City,North Wing  #01-08,6910 2217,Food & Restaurants,
Starbucks,The Centrepoint,#01-40/41/42,6732 5916,Food & Restaurants,
Starbucks,Valley Point,#01-16,6733 0041,Food & Restaurants,
Starbucks,Waterway Point,West Wing  #01-67,6385 9885,Food & Restaurants,
StarHub Exclusive Partner (CNC Mobile),YewTee Point,#01-25,6468 6861,Electrical  Electronic  Camera & Telecommunication,
StarHub Exclusive Partner (Telestation),Northpoint City,North Wing  #B1-55,6754 2028,Electrical  Electronic  Camera & Telecommunication,
StarHub Shop,Causeway Point,#03-07/08/09/10,1633,Electrical  Electronic  Camera & Telecommunication,
Starhub Shop,Waterway Point,East Wing  #B1-27,1633,Electrical  Electronic  Camera & Telecommunication,
Steak & Hamburg MASA,Robertson Walk,#01-04,6836 2529,Food & Restaurants,
Studio Arts Passe,Robertson Walk,#02-16,6735 2819,Schools & Offices,
Studio Miu Art,The Centrepoint,#03-34/35,6733 0917,Schools & Offices,
Stuff'd,Causeway Point,#B1-K17,Not Available,Food & Restaurants,
Stuff'd,Changi City Point,#B1-20,6904 4643,Food & Restaurants,
Stuff'd,Northpoint City,North Wing  #B1-43,N.A,Food & Restaurants,
Stuff'd,YewTee Point,#B1-50,Not Available,Food & Restaurants,
Stuff'd,Waterway Point,West Wing  #B2-K1,Not Available.,Food & Restaurants,
Subway,Anchorpoint,#01-11,6474 9742,Food & Restaurants,
Subway,Causeway Point,#B1-19,6891 1092,Food & Restaurants,
Subway,Eastpoint Mall,#B1-10,Not Available,Food & Restaurants,
Subway,Northpoint City,North Wing,6257 4901,Food & Restaurants,
Subway,YewTee Point,#01-35,6219 7862,Food & Restaurants,
Subway,Waterway Point,East Wing  #B1-16,6385 2813,Food & Restaurants,
Summer Dreamz,Waterway Point,West Wing  #02-10,N.A,Children's Wear  Toys & Maternity,
Summer Nail Salon,The Centrepoint,#03-23,6737 5589,Hair & Beauty,
Sun King Ryoriya,Robertson Walk,#01-14/15,6836 5633,Food & Restaurants,
Sun Paradise,Northpoint City,North Wing  #02-41,N.A,Sports & Leisure,
Sunday Mobile Telecommunications,Northpoint City,North Wing,6257 3515,Electrical  Electronic  Camera & Telecommunication,
Sunglass Hut Outlet,Changi City Point,#01-K4,6443 5427,Fashion Wear & Accessories,
Sunlife,Causeway Point,#B1-K10,9834 0792,Food & Restaurants,
Sushi Deli,Northpoint City,North Wing  #B1-13,6759 7970,Food & Restaurants,
Sushi Deli,YewTee Point,#B1-48,6465 5130,Food & Restaurants,
Sushi Express,Bedok Point,#01-01,6481 0671,Food & Restaurants,
Sushi Tei,China Square Central,20 Cross St,6223 0070,Food & Restaurants,
Sushi Tei,Northpoint City,North Wing  #02-15,6257 2822,Food & Restaurants,
Swee Heng 1989 Classic,Waterway Point,West Wing  #B1-K4,6385 8653,Food & Restaurants,
Swensen's,Causeway Point,#02-08/09,6894 2086,Food & Restaurants,
Swensen's,Northpoint City,North Wing  #02-14,6481 9416,Food & Restaurants,
Swensen's,Waterway Point,West Wing  #02-35,6385 9096,Food & Restaurants,
Symphony Music School,Causeway Point,#05-04,6893 3373,Schools & Offices,
Systematic Laundromat,Valley Point,#01-09,6733 7477,Services,
T.M.Lewin,The Centrepoint,#01-08,6734 6534,Fashion Wear & Accessories,
Ta Lu Prawn Noodles,China Square Central,22 Cross St,6536 1538,Food & Restaurants,
Table Manners,Changi City Point,#01-68/69,6604 7669,Food & Restaurants,
Taekwondonomics,Eastpoint Mall,#04-13/14,6443 8761,Schools & Offices,
Tai Chong Kok,Northpoint City,North Wing  #B1-47,N.A,Food & Restaurants,
Taste Better,Waterway Point,West Wing  #B1-K1,Not Available,Food & Restaurants,
Telestation GO Wireless,The Centrepoint,#B1-22,6635 3318,Electrical  Electronic  Camera & Telecommunication,
Tenderfresh Classic,Northpoint City,North Wing  #B1-52,6904 5597,Food & Restaurants,
Tenderfresh Classic,Waterway Point,East Wing  #B2-04,Not Available.,Food & Restaurants,
Tenderfresh Xpress,Causeway Point,#B1-K14,Not Available,Food & Restaurants,
Tenderfresh Xpress,YewTee Point,#B1-37,6509 4172,Food & Restaurants,
Tensho by MOF,The Centrepoint,#B1-20,6733 0449,Food & Restaurants,
Teo Heng Ktv Studio,Bedok Point,#03-08/11,68449722,Amusement/Entertainment,
Teo Heng Ktv Studio,Causeway Point,#05-01,6760 0345,Amusement/Entertainment,
Teppan Bar Q,Robertson Walk,#01-21/22,6235 0629,Food & Restaurants,
Teppei Syokudo,Changi City Point,#B1-50,Not Available.,Food & Restaurants,
Texas Chicken,Causeway Point,#01-14/15,6894 8677,Food & Restaurants,
Texas Chicken,Changi City Point,#B1-31,6636 1292,Food & Restaurants,
Texas Chicken,The Centrepoint,#B1-07,6694 3053,Food & Restaurants,
Thai Boat Noodle,Bedok Point,#02-32/33/34,6445 9932,Food & Restaurants,
ThaiExpress,Northpoint City,North Wing  #B1-01,6555 9112,Food & Restaurants,
That Toy Shop,China Square Central,18 Cross St #02-20,Not Available.,Toys & Collectibles,
The 3rd Space,China Square Central,18 Cross St #B1-05,6557 0421,Food & Restaurants,
The Aroma Hub,Northpoint City,North Wing  #01-18,Not Available,Furniture  Furnishings and Household,
The Ballet & Music Company,Eastpoint Mall,#06-02,6782 1068,Schools & Offices,
The Bear Knows,The Centrepoint,#04-05/06,6733 9346,Furniture  Furnishings and Household,
The Better Toy Store,The Centrepoint,#03-07/07A/08,6836 4645,Children's Wear  Toys & Maternity,
The Body Shop,Causeway Point,#01-31,6767 1278,Hair & Beauty,
The Body Shop,Changi City Point,#01-23,6238 9400,Hair & Beauty,
The Body Shop,Northpoint City,North Wing  #01-09,6852 8565,Hair & Beauty,
The Body Shop,Waterway Point,East Wing  #01-55,6386 0868,Hair & Beauty,
The Bonia House,Northpoint City,North Wing  #01-11,6754 2827,Leather Goods  Bags & Shoes,
The CafÌÎå© by HIC,The Centrepoint,#01-104,8223 6766,Food & Restaurants,
The Chamber,Robertson Walk,#01-16,6738 1332,Food & Restaurants,
The Cheongsam Shoppe,The Centrepoint,#01-47/48,N.A,Fashion Wear & Accessories,
The Chicken Rice Shop,Causeway Point,#B1-16,6893 9556,Food & Restaurants,
The Coffee Bean & Tea Leaf,Causeway Point,#02-33,6894 9180,Food & Restaurants,
The Coffee Bean & Tea Leaf,Changi City Point,#01-41,6636 1244,Food & Restaurants,
The Coffee Bean & Tea Leaf,The Centrepoint,#01-33C/D,6262 2129,Food & Restaurants,
The Coffee Bean & Tea Leaf,Waterway Point,East Wing  #01-27,6386 0463,Food & Restaurants,
The Coffee House,Waterway Point,West Wing  #B2-05,N.A,Food & Restaurants,
The Connoisseur Concerto (tcc),Anchorpoint,#01-07/08,6475 6233,Food & Restaurants,
The Dental Hub,YewTee Point,#B1-24,6634 2535,Pharmacy & Healthcare,
The Face Shop (Nature Collection),Northpoint City,North Wing  #01-10,Not Available.,Hair & Beauty,
The Flip Flop Shop,Northpoint City,North Wing  #02-40,6257 7932,Leather Goods  Bags & Shoes,
The French Table,Northpoint City,North Wing  #01-39,6754 1421,Food & Restaurants,
The French Table,Waterway Point,East Wing  #01-31,6385 8052,Food & Restaurants,
The Hair Secrets,Eastpoint Mall,#03-11,6789 9592,Hair & Beauty,
The Laundry Club,Eastpoint Mall,#B1-15,6636 3031,Services,
The Laundry Club,The Centrepoint,#01-58,6734 0108,Services,
The Laundry Club,Waterway Point,East Wing  #B2-16C,6789 7988,Services,
The Manhattan FISH MARKET,Causeway Point,#02-34  #02-K02,6894 1500,Food & Restaurants,
The Manhattan FISH MARKET,Changi City Point,#01-39/40,6636 1566,Food & Restaurants,
The Manhattan FISH MARKET,Northpoint City,North Wing,6257 5507,Food & Restaurants,
The Moving Body Group,Robertson Walk,#01-23/24,6235 1051,Sports & Leisure,
The Open Grill,Robertson Walk,#01-17,6733 4988<br> 6738 1332,Food & Restaurants,
The Pet Safari,Eastpoint Mall,#01-26/27,6538 3046 (store)<br>6538 3098 (grooming),Services,
The Pet Safari,Waterway Point,East Wing  #B2-10,6385 8490,Services,
The Petite Park,Changi City Point,#02-15/16,6636 1568,Amusement/Entertainment,
The Pine Garden,Northpoint City,North Wing  #B2-01,N.A,Food & Restaurants,
The Polliwogs,Eastpoint Mall,#04-07,6443 2421,Amusement/Entertainment,
The Rosti Farm,Waterway Point,East Wing  #B1-K12,9389 4900,Food & Restaurants,
The Seafood Market Place by Song Fish,Northpoint City,North Wing  #B1-05,N.A,Food & Restaurants,
The Soup Spoon Union,Changi City Point,#B1-24/25,6636 3142,Food & Restaurants,
The Soup Spoon Union,Waterway Point,West Wing  #B1-12,6385 9254,Food & Restaurants,
The Spa-Lon,Eastpoint Mall,#02-11,6783 3773 <br> 6783 2594,Hair & Beauty,
The Wallet Shop,Northpoint City,North Wing  #01-20,6759 1782,Leather Goods  Bags & Shoes,
TheFaceShop,Causeway Point,#01-32,6891 4063,Hair & Beauty,
Thirsty Beer Shop,Anchorpoint,#B1-42,9234 7216,Food & Restaurants,
Thomson Paediatric Centre,Waterway Point,West Wing  #02-30,6341 6000,Pharmacy & Healthcare,
Thousand Taste Shan Dong Da Bao,Waterway Point,West Wing  #01-K3,Not Available.,Food & Restaurants,
TianPo,Causeway Point,#01-25,6893 8936,Jewellery & Watches,
TianPo,The Centrepoint,#01-43/46,6235 1889,Jewellery & Watches,
Tiara Creation,The Centrepoint,#01-07,6733 3361,Jewellery & Watches,
Timberland,Causeway Point,#02-03,6891 2327,Fashion Wear & Accessories,
Timberland,Changi City Point,#02-46/47,6636 1014,Fashion Wear & Accessories,
Time Studio,Causeway Point,#02-K05/06,6894 2807,Jewellery & Watches,
Time Studio,Northpoint City,North Wing  #01-21,6756 2208,Jewellery & Watches,
Times Bookstores,The Centrepoint,#04-08/11,6734 9022,Books & Stationery,
Times Bookstores,Waterway Point,West Wing  #02-19,6385 9428,Books & Stationery,
Timezone,Causeway Point,#07-02,6894 1173,Amusement/Entertainment,
Timezone,Waterway Point,East Wing  #B2-14,6385 9121,Amusement/Entertainment,
Tino's Pizza Cafe,The Centrepoint,#B1-13,N.A,Food & Restaurants,
Toast Box,Causeway Point,#01-38,6893 4434,Food & Restaurants,
Toast Box,Changi City Point,#01-12,6636 0549,Food & Restaurants,
Toast Box,Eastpoint Mall,#01-01,6260 0371,Food & Restaurants,
Toast Box,The Centrepoint,#B1-08,6341 9759,Food & Restaurants,
Toast Box,YewTee Point,#01-03,6509 4309,Food & Restaurants,
Toast Box,Waterway Point,East Wing  #B1-15,6385 8563,Food & Restaurants,
TOG - Toy or Game,Causeway Point,#04-05,6891 2836,Amusement/Entertainment,
TOG - Toy or Game,Waterway Point,West Wing  #02-18,6385 9172,Amusement/Entertainment,
Tokutokuya,Changi City Point,#B1-46/47,Not Available,Furniture  Furnishings and Household,
Tom & Stefanie,Eastpoint Mall,#02-25,6694 8591,Children's Wear  Toys & Maternity,
Tori-Q,Eastpoint Mall,#B1-K2,Not Available,Food & Restaurants,
Toy Outpost,Northpoint City,North Wing  #03-14,6852 9003,Gifts,
Toy Outpost,Waterway Point,East Wing  #B2-12,6702 1968 <br> 6702 1268,Gifts,
Toy Realm,China Square Central,18 Cross St #01-13,9841 5304,Toys & Collectibles,
Toys Crazi,China Square Central,18 Cross St #02-19,9839 9927,Toys & Collectibles,
Toysland,Waterway Point,West Wing  #02-27,6385 7896,Toys & Collectibles,
Toystar,China Square Central,18 Cross St #02-31,9748 1103,Toys & Collectibles,
Toys‰Û¡ÌÝÌR‰Û¡ÌÝåUs,Waterway Point,West Wing  #B1-10B,6386 9422,Toys & Collectibles,
TPH 96,Eastpoint Mall,#02-K7,Not Available,Fashion Wear & Accessories,
Trendy Eyes,Bedok Point,#02-15,62412191,Optical,
Trimmings & Spa @ Robertson Walk,Robertson Walk,#02-17,6737 8512,Hair & Beauty,
Triumph,Changi City Point,#01-06,6636 0353,Fashion Wear & Accessories,
Triumph,Eastpoint Mall,#02-33,6443 3282,Fashion Wear & Accessories,
Triumph,Waterway Point,East Wing  #01-45,6385 7860,Fashion Wear & Accessories,
Triumph by Ultimate Cleavage,Bedok Point,#02-16,6242 7720,Fashion Wear & Accessories,
TSUJIRI,The Centrepoint,#01-101,6238 8224,Food & Restaurants,
Tuk Tuk Cha,Waterway Point,East Wing  #B1-K8,N.A,Food & Restaurants,
Tung Lok Signatures,Changi City Point,#01-26/27,6636 0606,Food & Restaurants,
Twelve Cupcakes,Causeway Point,#B1-K11,Not Available,Food & Restaurants,
Twelve Cupcakes,Changi City Point,#B1-K4,Not Available.,Food & Restaurants,
Twelve Cupcakes,Waterway Point,West Wing  #B2-K2,Not Available.,Food & Restaurants,
Two Bros Lifestyle & Gadget Store,The Centrepoint,#03-46/47,Not Available.,Electrical  Electronic  Camera & Telecommunication,
Typo,Waterway Point,West Wing  #01-07,6385 9373,Gifts,
Typo Outlet,Anchorpoint,#01-03/04,6479 7564,Gifts,
U CafÌÎå©,China Square Central,18 Cross St #02-13,Not Available.,Food & Restaurants,
Umistrong Art Store & Art Studio,Eastpoint Mall,#03-26,N.A,Books & Stationery,
umisushi,Eastpoint Mall,#B1-K5,6781 0038,Food & Restaurants,
umisushi,Waterway Point,East Wing  #B2-02,6384 4565,Food & Restaurants,
Uncle Leong Signatures,Waterway Point,East Wing  #B1-21,6385 9989,Food & Restaurants,
Uniqlo,Causeway Point,#02-21/24,6894 0137,Fashion Wear & Accessories,
Uniqlo,Changi City Point,#01-60/61/62/63/64/65,6443 7416,Fashion Wear & Accessories,
Uniqlo,Waterway Point,West Wing  #01-21,6385 8246,Fashion Wear & Accessories,
United Overseas Bank (UOB),Northpoint City,North Wing,1800 222 2121,Bank & Money Changer,
United Overseas Bank (UOB),Waterway Point,West Wing  #01-01,1800 222 2121&nbsp;,Bank & Money Changer,
United Overseas Bank (UOB) ATM,Causeway Point,#02-K13,Not Available,Services,
Unity Pharmacy,YewTee Point,#B1-08/09,6762 6549,Pharmacy & Healthcare,
Unity Pharmacy,Waterway Point,West Wing  #B2-26,6385 8290,Pharmacy & Healthcare,
Universal Traveller Outlet,Changi City Point,#02-28,6604 7709,Sports & Leisure,
Unusual Express,Northpoint City,North Wing  #B1-31,6755 2030,Services,
Urban Mobile,YewTee Point,#01-44,6762 3282,Electrical  Electronic  Camera & Telecommunication,
Urban Studio,Changi City Point,#02-48,6604 8466,Fashion Wear & Accessories,
Valu$,Anchorpoint,#B1-28/29,N.A.,Furniture  Furnishings and Household,
Valu$,Causeway Point,#B1-13,6894 6433,Furniture  Furnishings and Household,
Valu$,Changi City Point,#B1-53/54,6636 1516,Furniture  Furnishings and Household,
Valu$,Waterway Point,West Wing  #B1-10A,N.A,Furniture  Furnishings and Household,
Veero,YewTee Point,#01-22,6762 5153,Fashion Wear & Accessories,
Venus Beauty,Causeway Point,#B1-10,6777 3936,Hair & Beauty,
Venus Beauty,Northpoint City,North Wing  #B2-05,6777 3936,Hair & Beauty,
Venus Beauty,Waterway Point,East Wing  #B2-17,6777 3936,Hair & Beauty,
Very Cool Stuff,China Square Central,18 Cross St #01-27,9786 3029 <br> 9068 4914,Toys & Collectibles,
Vets for Life Animal Clinic,Valley Point,#01-05/06,6732 0273,Services,
Victoria Facelift,Waterway Point,East Wing  #01-34,6513 3232,Hair & Beauty,
Vincent Toy Collection,China Square Central,18 Cross St #01-22,6337 3256,Toys & Collectibles,
Vincent Watch,Causeway Point,#01-10,6894 2143,Jewellery & Watches,
Vintage Studio Hairdressing Spa,Waterway Point,East Wing  #01-37,6385 8455,Hair & Beauty,
VIP Boutique,Anchorpoint,#B1-24,6471 0635,Hair & Beauty,
Vision Lab,Waterway Point,West Wing  #B1-05,6385 5398,Optical,
Vita Green,Eastpoint Mall,#02-K9,6444 8046,Pharmacy & Healthcare,
Vita Green,YewTee Point,#B1-53,6834 4511,Pharmacy & Healthcare,
Vivi,Causeway Point,#02-19,6891 3573,Fashion Wear & Accessories,
Vivian & Sean,Northpoint City,North Wing  #02-45,6759 5935,Leather Goods  Bags & Shoes,
Wacoal,Northpoint City,North Wing  #02-36,Not Available.,Fashion Wear & Accessories,
Wang Dae Bak Korean BBQ Restaurant,China Square Central,22 Cross St,6225 2646,Food & Restaurants,
Watami,Causeway Point,#05-09,6893 0855,Food & Restaurants,
Watsons,Anchorpoint,#B1-23,6479 0325,Pharmacy & Healthcare,M200772571
Watsons,Causeway Point,#B1-14/15,6891 2697,Pharmacy & Healthcare,M200772571
Watsons,Changi City Point,#B1-14/15,6636 1279,Pharmacy & Healthcare,M200772571
Watsons,Eastpoint Mall,#02-07/08/09,6443 1454,Pharmacy & Healthcare,M200772571
Watsons,YewTee Point,#B1-14/15,6509 4703,Pharmacy & Healthcare,M200772571
Watsons,Waterway Point,East Wing  #B1-31/32,63843347,Pharmacy & Healthcare,M200772571
WaWa Palace,Waterway Point,West Wing  #02-K3,Not Available.,Children's Wear  Toys & Maternity,
We Love,Eastpoint Mall,#03-K10,N.A,Fashion Wear & Accessories,
Wee Nam Kee Chicken Rice,Northpoint City,North Wing  #B1-48,N.A,Food & Restaurants,
West Co'z CafÌÎå©,YewTee Point,#01-28,6762 0180,Food & Restaurants,
Whoppi Mobile,Changi City Point,#02-K8,Not Available.,Electrical  Electronic  Camera & Telecommunication,
Window Image & Interior Design,Causeway Point,#04-24,6893 9555,Furniture  Furnishings and Household,
Wine Connection,Anchorpoint,#B1-08,6476 8997,Food & Restaurants,
Wine Connection,Changi City Point,#B1-17,6694 8816,Food & Restaurants,
Wine Connection,Robertson Walk,#01-06,6238 6878,Food & Restaurants,
Wine Connection Cheese Bar,Robertson Walk,#01-05,6238 1279,Food & Restaurants,
Wine Connection Tapas Bar & Bistro,Robertson Walk,#01-19/20,6235 5466,Food & Restaurants,
Wing Antiques & Collectibles,China Square Central,18 Cross St #02-21,6438 0089,Toys & Collectibles,
Wing Joo Loong,Northpoint City,North Wing,N.A,Pharmacy & Healthcare,
Winning Marketing,Causeway Point,#03-24,6893 1211,Sports & Leisure,
WOLF Burgers,Changi City Point,#01-43,N.A,Food & Restaurants,
Wow Tako,Causeway Point,#B1-K12,Not Available,Food & Restaurants,
Wow Tako,Northpoint City,North Wing  #B1-09,Not Available.,Food & Restaurants,
Wrap & Roll,Changi City Point,#B1-26/27,6443 1261,Food & Restaurants,
WTS Travel,Causeway Point,#05-19,6893 8558,Services,
WTS Travel,Waterway Point,East Wing  #B2-15,6881 8558,Services,
X-Craft,Causeway Point,#04-10,6894 3376,Fashion Wear & Accessories,
X-Zen Hair Salon,The Centrepoint,#03-25,6235 7731,Hair & Beauty,
XGEAR,Waterway Point,East Wing  #B1-29,6881 1021,Music & Audio Visual,
Xi Mi Voue,Eastpoint Mall,#01-21/22,N.A,Furniture  Furnishings and Household,
Xin Wang Hong Kong CafÌÎå©,Anchorpoint,#01-13/14,6474 4498,Food & Restaurants,
Xin Wang Hong Kong CafÌÎå©,Eastpoint Mall,#01-15,6260 0515,Food & Restaurants,
Xin Wang Hong Kong CafÌÎå©,Northpoint City,North Wing  #01-40,6752 3280,Food & Restaurants,
Xin Wang Hong Kong CafÌÎå©,YewTee Point,#01-17,6509 0146,Food & Restaurants,
Xndo,Causeway Point,#B1-K08,6219 5462,Pharmacy & Healthcare,
Xndo,Waterway Point,East Wing  #B2-24,6385 7923,Pharmacy & Healthcare,
Xpressflower.com,Causeway Point,#03-K12,6894 2983,Services,
Ya Kun Family CafÌÎå©,Changi City Point,#B1-36,6636 1877,Food & Restaurants,
Ya Kun Kaya Toast,Causeway Point,#B1-23,6891 1335,Food & Restaurants,
Ya Kun Kaya Toast,Northpoint City,North Wing,N.A,Food & Restaurants,
Ya Kun Kaya Toast,YewTee Point,#01-46/47/48,6834 4686,Food & Restaurants,
Ya Kun Kaya Toast,Waterway Point,East Wing  #B2-K12,6635 8795,Food & Restaurants,
Yakiniku Yazawa,Robertson Walk,#01-01,6235 2941,Food & Restaurants,
Yami Yogurt,Causeway Point,#B1-K22,6893 6685,Food & Restaurants,
Yami Yogurt,Changi City Point,#B1-37,6636 1989,Food & Restaurants,
Yang Hua Cake House,Anchorpoint,#B1-56,6475 5158,Food & Restaurants,
Yankee Candle,Changi City Point,#01-K11,6443 2339,Gifts,
YAYOI Japanese Restaurant,Eastpoint Mall,#01-13,6443 2265,Food & Restaurants,
Yeoman Capital Management,Robertson Walk,#02-13,6737 3922,Schools & Offices,
Yew Mei Fashion,YewTee Point,#01-11,6509 6293,Fashion Wear & Accessories,
Yick Ming Optical Co.,Eastpoint Mall,#01-19,6787 1138,Optical,
Yishion,Waterway Point,West Wing  #01-02/03,6386 0633,Fashion Wear & Accessories,
Yong Kang TCM Clinic,YewTee Point,#01-29,6310 7157,Services,
Yoshinoya,Causeway Point,#01-12,6893 6978,Food & Restaurants,
Young Hearts,Northpoint City,North Wing  #02-34,6482 2259,Fashion Wear & Accessories,
Your True Colours,Eastpoint Mall,#03-18,6788 6848,Hair & Beauty,
Yuan Kee Famous Chicken Rice,China Square Central,20 Cross St,Not Available,Food & Restaurants,
Yue Hwa,Eastpoint Mall,#B1-19/21,6444 3380,Department Stores,
Yummi House,Causeway Point,#B1-K05,6894 2082,Food & Restaurants,
Z.O.I,Waterway Point,West Wing  #B1-01,N.A,Fashion Wear & Accessories,
Zakka Modern Thai,Waterway Point,East Wing  #01-29,6385 8044,Food & Restaurants,
Zap It,Causeway Point,#05-02,6894 8894,Services,
Zenn Salon,YewTee Point,#B1-26,6509 4148,Hair & Beauty,
Zepy Games,Causeway Point,#03-14,6219 5114,Amusement/Entertainment,
Zheng De Yuan,YewTee Point,#01-08,9152 9399,Services,
Ziggy‰Û¡ÌÝå»s,Robertson Walk,#01-27/28,6235 5400,Amusement/Entertainment,
ZTP,Causeway Point,#B1-08,6891 3181,Pharmacy & Healthcare,
ZTP,Eastpoint Mall,#04-08,6636 0215,Pharmacy & Healthcare,
ZTP,Northpoint City,North Wing,6757 2468,Pharmacy & Healthcare,
ZTP,Waterway Point,West Wing  #B2-27,6386 8215,Pharmacy & Healthcare,